date,active_users,total_events,pv_events,fav_events,cart_events,buy_events,purchasing_users,purchasing_user_rate,events_per_active_user
2017-11-25,706641,10420007,9353416,302071,563376,201144,132622,18.7679,14.7458
2017-11-26,715516,10664595,9567422,308954,582581,205638,136048,19.014,14.9048
2017-11-27,710094,10101145,9041186,291221,541904,226834,146934,20.6922,14.2251
2017-11-28,709257,9878186,8842932,289100,534157,211997,139845,19.7171,13.9275
2017-11-29,718922,10284068,9210820,298587,551593,223068,146220,20.3388,14.3048
2017-11-30,730597,10447736,9358998,302264,565015,221459,146128,20.0012,14.3003
2017-12-01,740139,10859427,9718956,307115,623346,210010,139971,18.9114,14.6721
2017-12-02,970401,13777862,12329641,396749,793569,257903,174487,17.9809,14.1981
2017-12-03,966977,13662156,12237300,392197,774905,257754,173225,17.9141,14.1287
