category_id,previous_pv_users,final_pv_users,pv_user_growth_pct,previous_intent_users,final_intent_users,intent_user_growth_pct,previous_buy_users,final_buy_users,buy_user_growth_pct,previous_pv_to_buy_rate,final_pv_to_buy_rate,pv_to_buy_rate_change_pp,previous_intent_to_buy_rate,final_intent_to_buy_rate,intent_to_buy_rate_change_pp,high_intent_nonbuyer_users
4756105,188187,223997,19.0289,44563,53794,20.7145,5672,6475,14.1573,2.7478,2.6474,-0.1004,5.9915,5.7441,-0.2474,48733
4145813,148939,182310,22.4058,36490,45950,25.9249,6047,7193,18.9515,3.5444,3.4343,-0.1101,6.5251,6.2329,-0.2922,41548
982926,164716,195020,18.3977,35010,43592,24.513,5002,5354,7.0372,2.6804,2.3921,-0.2883,5.4584,4.6224,-0.836,40339
2355072,162625,179710,10.5058,29980,33573,11.9847,2532,2398,-5.2923,1.4217,1.2014,-0.2203,3.6858,3.1037,-0.5821,31662
4801426,122237,149340,22.1725,27526,34833,26.5458,5389,5821,8.0163,3.7861,3.2932,-0.4929,7.0261,6.1206,-0.9055,31441
3607361,139752,170792,22.2108,23965,30202,26.0255,2297,2586,12.5816,1.4762,1.3677,-0.1084,3.7513,3.6157,-0.1356,28227
1320293,131434,155816,18.5508,24014,29690,23.6362,3519,3586,1.9039,2.2772,1.9164,-0.3608,4.8513,3.8936,-0.9578,27821
2520377,114582,142011,23.9383,20414,27420,34.3196,1711,2166,26.5926,1.3213,1.3612,0.0398,3.2282,3.0926,-0.1355,26011
3002561,87870,111292,26.6553,18816,25041,33.0835,3205,4084,27.4259,3.0147,3.0433,0.0287,5.777,5.7426,-0.0344,23098
2465336,100845,115604,14.6353,20860,24372,16.836,2843,2901,2.0401,2.4533,2.1651,-0.2881,5.5129,4.7514,-0.7616,22553
2735466,86891,99532,14.5481,20691,23557,13.8514,7062,7552,6.9385,6.3608,5.8524,-0.5085,10.2122,9.4579,-0.7543,20332
149192,67559,85000,25.816,13965,18809,34.6867,2100,2502,19.1429,2.7428,2.5176,-0.2251,5.8289,5.1358,-0.693,17401
4181361,54254,72513,33.6547,12600,17989,42.7698,1515,1916,26.4686,2.3537,2.2244,-0.1293,4.5238,3.9135,-0.6103,17001
4217906,68222,83315,22.1234,14435,17888,23.921,2955,3285,11.1675,3.6191,3.2767,-0.3423,7.177,6.4568,-0.7202,16200
1464116,50716,60669,19.625,13658,16305,19.3806,7401,7866,6.2829,11.1188,9.7727,-1.3461,13.7136,11.6099,-2.1036,13846
1080785,84607,93909,10.9944,12596,13667,8.5027,956,939,-1.7782,0.9893,0.8764,-0.1129,2.6834,2.4877,-0.1956,13174
3738615,48638,56718,16.6125,10670,13219,23.8894,2070,1986,-4.058,3.744,3.0925,-0.6515,7.6195,5.9914,-1.6281,12024
2640118,48253,51149,6.0017,11609,13404,15.4621,3779,3187,-15.6655,6.6814,5.2298,-1.4516,10.7331,7.9752,-2.7578,11745
2520771,55852,66145,18.4291,9916,12293,23.9714,2166,2373,9.5568,3.1601,2.8604,-0.2998,6.5147,6.158,-0.3567,11268
570735,41026,49070,19.6071,10265,12336,20.1754,2896,3175,9.634,5.6306,5.001,-0.6296,9.3229,8.0496,-1.2733,11031
4357323,40588,45100,11.1166,10203,11848,16.1227,3413,3463,1.465,6.9996,6.1729,-0.8267,11.0458,9.4109,-1.6349,10331
2920476,51574,68085,32.0142,7273,10098,38.8423,483,624,29.1925,0.7775,0.7843,0.0068,2.1449,2.139,-0.0059,9782
411153,30041,37649,25.3254,7285,9286,27.4674,1272,1567,23.1918,3.4952,3.3494,-0.1459,6.0398,5.9014,-0.1385,8522
154040,52515,64579,22.9725,7011,8565,22.1652,449,523,16.4811,0.7845,0.7061,-0.0784,2.4961,2.4518,-0.0442,8209
1575622,28427,34722,22.1444,7388,9167,24.0796,2130,2518,18.216,5.8923,5.6621,-0.2302,8.4461,8.2579,-0.1882,8206
4643350,40104,43378,8.1638,7044,7511,6.6298,1157,1084,-6.3094,2.481,2.1117,-0.3694,5.6786,4.6465,-1.0321,7040
4690421,24654,32499,31.8204,5309,7233,36.2403,1023,1328,29.8143,3.2287,3.2986,0.0699,6.2535,5.5579,-0.6957,6722
1859277,30793,39787,29.2079,4964,6730,35.5761,619,710,14.7011,1.679,1.4628,-0.2162,4.1096,3.8336,-0.276,6260
2578647,26833,29833,11.1803,5329,6550,22.9124,1310,1141,-12.9008,4.2187,3.2481,-0.9706,7.8439,5.5573,-2.2866,6040
2926020,22693,26440,16.5117,5139,6279,22.1833,1051,1142,8.6584,3.8162,3.4569,-0.3593,5.9545,6.0838,0.1293,5765
4022701,29290,32957,12.5196,4911,5896,20.057,728,763,4.8077,2.0553,1.9662,-0.0891,4.7445,4.4267,-0.3177,5511
4789432,19553,27684,41.5844,3919,6464,64.94,2758,3731,35.2792,10.2695,10.0708,-0.1987,13.8556,12.6392,-1.2163,5480
903809,26757,27349,2.2125,5773,6568,13.771,3144,3444,9.542,9.2611,9.4885,0.2273,13.5631,12.8806,-0.6825,5472
3299155,20818,25907,24.4452,4555,5843,28.2766,1226,1398,14.0294,4.7987,4.3579,-0.4408,9.6817,8.9167,-0.765,5169
1051370,29095,33586,15.4356,4888,5570,13.9525,1186,1330,12.1417,3.2033,3.0787,-0.1246,7.0172,6.2657,-0.7515,5116
235534,14175,20569,45.1076,3408,5237,53.6678,726,960,32.2314,4.1905,3.7629,-0.4275,6.162,5.633,-0.529,4856
2558244,26591,28109,5.7087,4306,4569,6.1078,681,491,-27.9001,2.2338,1.4444,-0.7895,5.202,3.1736,-2.0285,4345
4244487,18807,23166,23.1775,3889,4781,22.9365,1620,1869,15.3704,6.5508,6.3326,-0.2182,10.7483,10.1025,-0.6458,4194
200278,24761,29749,20.1446,3352,4446,32.6372,843,1043,23.7248,2.4716,2.6085,0.1369,6.5036,6.4103,-0.0933,4093
1349561,18349,19657,7.1285,3925,4344,10.6752,1796,1695,-5.6236,7.2429,6.237,-1.0059,9.2484,8.2413,-1.0072,3899
3720767,21171,22811,7.7464,3495,4116,17.7682,661,607,-8.1694,2.4467,2.1919,-0.2548,5.2074,4.7133,-0.4941,3870
801221,18120,21622,19.3267,3117,4216,35.2583,1365,1392,1.978,5.0883,4.3613,-0.727,8.213,7.3767,-0.8364,3829
1379146,11961,16946,41.6771,2495,3864,54.8697,628,897,42.8344,4.1217,4.0304,-0.0913,7.0942,7.4793,0.3851,3507
2945933,8965,15526,73.1846,1912,3804,98.954,545,951,74.4954,4.2833,4.6181,0.3347,8.2113,7.3344,-0.8769,3478
4339722,18475,19785,7.0907,3332,3706,11.2245,682,550,-19.3548,3.1664,2.2795,-0.8869,5.3121,4.4522,-0.8599,3463
3776866,15200,18589,22.2961,3010,3882,28.9701,1440,1668,15.8333,6.5,6.1972,-0.3028,8.1063,7.6765,-0.4299,3442
3102419,20021,24156,20.6533,2854,3493,22.3896,301,357,18.6047,1.1638,1.1136,-0.0502,2.9783,2.777,-0.2013,3376
285583,15743,17277,9.744,3257,3796,16.549,716,705,-1.5363,4.0399,3.5133,-0.5265,9.1495,6.902,-2.2475,3351
2629787,9868,14471,46.6457,2167,3508,61.8828,442,701,58.5973,3.5063,3.5865,0.0802,5.1223,5.1026,-0.0197,3289
866301,9414,13920,47.8649,2396,3663,52.8798,1522,2146,40.9987,11.3023,10.4885,-0.8138,11.1853,11.2749,0.0896,3161
381850,13771,15014,9.0262,2856,3649,27.7661,1338,1322,-1.1958,7.4867,6.5605,-0.9262,12.7101,9.8657,-2.8444,3157
3065645,12506,14174,13.3376,3024,3497,15.6415,1467,1403,-4.3626,8.6439,7.3233,-1.3206,12.8307,9.98,-2.8507,3061
4882154,8732,11924,36.5552,2351,3339,42.0247,639,799,25.0391,5.5772,5.3338,-0.2434,7.7414,6.5888,-1.1526,3058
1568197,12326,16608,34.7396,2267,3232,42.5673,463,634,36.933,2.8476,2.9143,0.0666,5.5139,5.3837,-0.1302,3001
846990,12245,12825,4.7366,2953,3389,14.7646,1561,1346,-13.7732,9.8244,7.9532,-1.8712,12.7667,9.6489,-3.1178,2971
4606718,12359,13394,8.3745,2844,3195,12.3418,731,798,9.1655,4.9519,4.7185,-0.2333,7.8059,7.3865,-0.4194,2905
737184,26310,29605,12.5238,2646,2961,11.9048,148,136,-8.1081,0.4751,0.4053,-0.0698,1.6629,1.4184,-0.2444,2898
634390,12173,14965,22.936,2553,3215,25.9303,633,688,8.6888,4.2964,3.8356,-0.4608,7.6772,7.465,-0.2122,2861
4993094,8169,11665,42.7959,2118,3126,47.5921,679,937,37.9971,6.2431,5.6665,-0.5766,8.593,8.0294,-0.5636,2806
4173315,18914,22388,18.3673,2305,2801,21.5184,224,225,0.4464,1.0151,0.871,-0.1441,2.9501,2.7847,-0.1654,2694
2228184,8609,11317,31.4555,1951,2599,33.2137,370,421,13.7838,3.4499,2.9513,-0.4986,5.9969,5.5021,-0.4948,2419
1397912,9370,12690,35.4322,1669,2479,48.5321,192,234,21.875,1.7289,1.6154,-0.1135,4.0743,3.1061,-0.9682,2378
4163659,5913,9502,60.6968,1448,2487,71.7541,298,489,64.094,4.1096,4.0307,-0.0789,7.6657,5.9107,-1.755,2311
102272,8859,10317,16.4578,1987,2575,29.5924,732,788,7.6503,6.2874,5.9901,-0.2973,10.1158,8.1942,-1.9216,2299
1789614,8923,12541,40.5469,1611,2517,56.2384,515,755,46.6019,4.3595,4.5212,0.1617,8.2557,7.2308,-1.0249,2285
886203,11870,12639,6.4785,2128,2374,11.5602,582,506,-13.0584,4.0775,3.1569,-0.9206,7.8947,5.3917,-2.503,2203
2158079,6297,10099,60.378,1437,2378,65.4836,339,486,43.3628,4.0337,3.8321,-0.2016,6.6806,6.7704,0.0898,2159
3975787,6521,9449,44.9011,1673,2429,45.1883,716,843,17.7374,8.1429,7.3764,-0.7665,10.1016,9.7159,-0.3857,2143
405755,7518,9464,25.8845,1752,2233,27.4543,471,574,21.8684,4.5757,4.5964,0.0207,6.9635,6.3592,-0.6043,2073
2181935,8377,12490,49.0987,1329,2131,60.3461,103,138,33.9806,1.146,0.9287,-0.2173,3.687,2.9094,-0.7776,2061
4640311,5736,7854,36.9247,1397,2209,58.1246,401,536,33.6658,5.387,5.1948,-0.1922,7.9456,5.6587,-2.2869,2057
2462567,12488,15167,21.4526,1582,2099,32.6802,319,394,23.511,2.122,2.0637,-0.0583,6.7004,6.0505,-0.6499,1942
4731191,7081,9436,33.258,1520,2162,42.2368,462,619,33.9827,5.5359,5.3201,-0.2159,11.5132,10.9158,-0.5973,1859
2529187,7680,9839,28.112,1358,2010,48.0118,618,869,40.6149,5.0911,5.1936,0.1025,7.8056,6.8159,-0.9897,1853
3231625,7524,9330,24.0032,1423,2061,44.8349,1179,1471,24.7668,9.5694,9.6034,0.0341,13.5629,11.4508,-2.1121,1781
4576874,5464,8977,64.2936,1193,1901,59.3462,361,527,45.9834,4.7767,4.4558,-0.3209,7.2925,6.5755,-0.7171,1769
3673501,9132,11373,24.5401,1333,1865,39.91,401,439,9.4763,3.0004,2.6642,-0.3362,5.9265,4.1823,-1.7442,1763
4719814,7654,9146,19.4931,1415,2155,52.2968,895,1201,34.1899,7.7084,8.8673,1.1589,12.5088,12.4826,-0.0262,1746
1817004,7483,8640,15.4617,1648,1900,15.2913,590,577,-2.2034,6.2675,5.162,-1.1055,10.4369,7.8947,-2.5422,1695
2303546,3019,10555,249.6191,677,1803,166.322,380,638,67.8947,8.9102,4.216,-4.6942,10.9306,5.8791,-5.0515,1687
2877672,6877,9663,40.5119,1233,1792,45.3366,285,397,39.2982,3.1845,3.0011,-0.1834,5.3528,5.2455,-0.1073,1676
174239,5665,7268,28.2966,1376,1888,37.2093,895,951,6.257,9.2674,8.2141,-1.0533,9.593,9.1631,-0.4299,1671
1646753,5732,7904,37.8925,1247,1810,45.1484,321,464,44.5483,4.7627,4.4787,-0.284,6.8966,6.2431,-0.6535,1669
941949,5379,7566,40.6581,1145,1753,53.1004,207,268,29.4686,2.9559,2.7624,-0.1936,4.6288,4.7347,0.1059,1657
2892802,7955,10055,26.3985,1129,1691,49.7786,127,168,32.2835,1.3199,1.3923,0.0724,3.543,3.0751,-0.4679,1626
3624696,8435,9789,16.0522,1599,1826,14.1964,654,746,14.0673,5.7854,5.6083,-0.1771,10.2564,9.9671,-0.2893,1616
1312642,5058,7479,47.8648,1102,1711,55.2632,192,246,28.125,3.0842,2.5404,-0.5438,5.8076,5.2601,-0.5475,1597
1973012,5570,7060,26.7504,1193,1868,56.5801,826,1274,54.2373,9.3896,10.9915,1.6019,11.0645,10.1178,-0.9468,1597
3138705,8737,9781,11.9492,1627,1724,5.9619,389,403,3.599,3.5367,3.1694,-0.3673,7.0682,7.2506,0.1824,1586
4901188,5902,8042,36.2589,1130,1642,45.3097,211,246,16.5877,2.5415,2.2258,-0.3157,4.6903,3.7759,-0.9144,1557
1045172,5572,7291,30.8507,1181,1780,50.7197,696,962,38.2184,8.7401,9.1345,0.3944,12.5318,11.5169,-1.0149,1551
3616520,4362,5964,36.7263,1276,1739,36.2853,497,632,27.163,8.1843,8.0986,-0.0857,10.4232,9.7757,-0.6475,1540
874415,3864,5558,43.8406,1165,1723,47.897,692,909,31.3584,12.5518,10.8672,-1.6845,10.4721,8.6477,-1.8244,1540
1467750,10132,11325,11.7746,1406,1582,12.5178,149,129,-13.4228,1.3028,0.9713,-0.3315,2.845,2.4652,-0.3797,1526
3160926,8213,9681,17.8741,1256,1639,30.4936,261,297,13.7931,2.5813,2.5824,0.0011,6.7675,5.6742,-1.0933,1511
3381583,4817,6912,43.4918,1121,1661,48.1713,500,651,30.2,6.9961,6.5538,-0.4422,7.3149,8.3082,0.9934,1485
339305,4826,12106,150.8496,889,1556,75.0281,340,463,36.1765,4.8487,2.5029,-2.3458,6.1867,4.7558,-1.4309,1468
383749,5118,6865,34.1344,1180,1637,38.7288,230,319,38.6957,3.6928,3.831,0.1382,9.1525,8.9188,-0.2338,1462
3015852,4501,8142,80.8931,1077,1644,52.6462,375,527,40.5333,6.8207,5.3181,-1.5026,9.0994,9.1849,0.0856,1431
2702525,4410,6223,41.1111,1088,1500,37.8676,231,273,18.1818,3.9456,3.23,-0.7156,4.7794,4.8667,0.0873,1415
4874384,4406,6337,43.8266,1114,1686,51.3465,385,489,27.013,7.3763,6.3279,-1.0484,10.772,9.7865,-0.9855,1414
72526,4550,6504,42.9451,1049,1509,43.8513,278,396,42.446,4.8571,4.7202,-0.137,8.0076,6.2293,-1.7783,1407
3371868,5020,5720,13.9442,1186,1585,33.6425,797,874,9.6612,11.5139,10.4895,-1.0244,12.5632,10.0946,-2.4686,1397
4458428,4540,6330,39.4273,1034,1476,42.7466,269,315,17.1004,4.8899,3.8547,-1.0352,6.4797,5.2846,-1.1951,1385
4476428,6188,7879,27.3271,965,1414,46.5285,75,100,33.3333,1.0181,1.1169,0.0988,2.3834,2.2631,-0.1203,1379
4936889,5759,7778,35.0582,977,1411,44.4217,131,160,22.1374,1.5975,1.4528,-0.1447,3.8895,2.4096,-1.4798,1368
2033408,6399,7499,17.1902,1285,1499,16.6537,774,894,15.5039,8.1419,7.1876,-0.9543,10.8171,9.7398,-1.0773,1339
2476560,2914,5752,97.3919,771,1520,97.1466,509,569,11.7878,8.3734,7.4235,-0.9499,9.4682,9.8026,0.3344,1333
3848953,2557,10766,321.0403,386,1418,267.3575,299,624,108.6957,7.0395,3.5203,-3.5192,13.7306,6.9111,-6.8194,1295
4048584,6126,7341,19.8335,1261,1407,11.5781,399,449,12.5313,5.0604,4.4953,-0.5651,7.0579,7.3205,0.2626,1292
2495340,5225,10190,95.0239,909,1508,65.8966,571,766,34.1506,6.4115,4.5142,-1.8973,10.011,9.2838,-0.7272,1289
2296439,4256,8975,110.8788,785,1403,78.7261,328,620,89.0244,4.9342,4.1114,-0.8228,6.6242,7.2701,0.6459,1288
1349634,4525,9055,100.1105,609,1323,117.2414,174,348,100.0,2.4309,2.1093,-0.3216,6.0755,4.0816,-1.9939,1266
1928278,4511,5773,27.9761,961,1385,44.1207,467,576,23.3405,6.6061,6.2879,-0.3182,7.9084,7.3646,-0.5438,1266
1595193,4300,5922,37.7209,999,1476,47.7477,603,813,34.8259,10.6977,10.3175,-0.3802,10.1101,11.9241,1.814,1263
3108044,4033,5166,28.0932,1000,1417,41.7,435,598,37.4713,8.1825,9.1754,0.9929,12.8,12.5618,-0.2382,1208
4238676,3619,5171,42.8848,870,1281,47.2414,161,216,34.1615,3.7303,3.481,-0.2494,5.1724,4.84,-0.3324,1203
4708262,6875,8075,17.4545,1060,1223,15.3774,215,222,3.2558,2.4291,1.8452,-0.5839,4.6226,4.0883,-0.5343,1164
2940518,3992,4676,17.1343,939,1242,32.2684,206,256,24.2718,4.484,4.2344,-0.2496,6.2833,4.9114,-1.3718,1156
1474371,5051,6061,19.996,1041,1206,15.8501,475,442,-6.9474,6.5928,4.8342,-1.7586,8.2613,6.6335,-1.6278,1115
3189935,4326,5560,28.5252,897,1275,42.1405,501,611,21.9561,8.2062,7.6978,-0.5084,11.4827,11.2157,-0.267,1111
3248072,2340,4194,79.2308,633,1198,89.2575,499,643,28.8577,13.1624,9.3705,-3.7919,10.2686,7.6795,-2.5891,1096
4242717,5413,5991,10.678,1236,1359,9.9515,588,602,2.381,9.274,8.3959,-0.878,16.9094,15.0846,-1.8248,1084
2304296,4016,5344,33.0677,897,1281,42.8094,280,346,23.5714,5.5777,5.4828,-0.0949,9.922,9.6019,-0.3201,1068
2891408,2846,4788,68.2361,672,1170,74.1071,216,331,53.2407,6.5355,5.5764,-0.959,8.1845,7.6068,-0.5777,1059
3566034,3258,4314,32.4125,817,1131,38.4333,167,219,31.1377,4.1743,4.1493,-0.0251,6.6095,6.0124,-0.5972,1051
155172,4416,6460,46.2862,864,1135,31.3657,369,389,5.4201,5.3895,3.7152,-1.6743,7.4074,6.8722,-0.5352,1043
2013232,3983,6037,51.5692,678,1076,58.7021,73,110,50.6849,1.4562,1.3086,-0.1476,3.3923,3.0669,-0.3254,1039
401357,4295,5874,36.7637,790,1084,37.2152,164,189,15.2439,2.7241,2.3834,-0.3407,6.5823,4.6125,-1.9697,1018
2667323,3650,5038,38.0274,748,1084,44.9198,192,252,31.25,3.9178,4.1088,0.191,6.6845,5.9963,-0.6882,1016
1449177,5004,6338,26.6587,940,1217,29.4681,720,785,9.0278,8.8529,7.81,-1.0429,14.2553,13.5579,-0.6974,999
2558204,3429,4404,28.4339,725,1153,59.0345,579,838,44.7323,11.8985,12.6249,0.7264,15.0345,13.9636,-1.0709,985
553365,3165,4381,38.4202,747,1104,47.7912,218,263,20.6422,5.2765,4.9989,-0.2776,9.2369,8.6957,-0.5413,966
1288487,2360,4026,70.5932,569,1081,89.9824,189,345,82.5397,5.8051,6.6071,0.802,10.5448,8.8807,-1.6641,966
4135836,4284,5126,19.6545,872,1041,19.3807,271,298,9.9631,5.0887,4.7405,-0.3482,9.1743,7.877,-1.2973,938
146830,2791,4552,63.0957,693,1002,44.5887,219,303,38.3562,5.3386,4.7671,-0.5715,7.215,5.8882,-1.3268,936
3340725,4922,6834,38.846,683,957,40.1171,60,84,40.0,0.8533,0.8926,0.0393,2.3426,1.6719,-0.6707,935
3664107,3467,6539,88.6069,559,1014,81.3953,299,488,63.2107,5.7398,4.3432,-1.3967,9.1234,7.7909,-1.3325,931
1046047,2457,3454,40.5779,637,1018,59.8116,208,280,34.6154,6.6748,6.2247,-0.4501,6.4364,8.055,1.6186,930
1807416,4286,6285,46.6402,645,994,54.1085,189,231,22.2222,3.3831,2.7367,-0.6464,7.2868,5.835,-1.4518,920
3461823,3344,5037,50.628,710,1056,48.7324,388,545,40.4639,8.433,8.1398,-0.2932,9.1549,11.553,2.3981,914
338646,5544,5628,1.5152,996,1005,0.9036,292,257,-11.9863,4.0765,3.5714,-0.5051,7.3293,7.5622,0.2329,913
1050007,2944,4118,39.8777,683,1008,47.5842,176,235,33.5227,4.8913,4.7839,-0.1074,8.9312,8.3333,-0.5979,906
901282,3022,4450,47.2535,808,1105,36.7574,563,771,36.9449,13.1701,12.5843,-0.5858,12.8713,15.2036,2.3323,905
2321441,6232,7160,14.8909,779,960,23.2349,179,208,16.2011,2.1181,1.9832,-0.1349,6.0334,4.6875,-1.3459,900
1729993,4135,5508,33.2044,678,992,46.3127,285,311,9.1228,4.4256,4.5025,0.0769,11.5044,8.0645,-3.4399,893
611849,2925,3725,27.3504,690,998,44.6377,325,396,21.8462,7.8974,8.1342,0.2368,9.1304,9.1182,-0.0122,886
1231891,2679,3778,41.0228,648,994,53.3951,324,441,36.1111,9.3318,9.2906,-0.0412,14.0432,10.2616,-3.7816,880
2042400,3609,3953,9.5317,816,991,21.4461,710,752,5.9155,13.688,12.0921,-1.5959,12.8676,10.2926,-2.575,878
4583884,3621,5062,39.7956,620,901,45.3226,67,67,0.0,1.4361,1.1655,-0.2705,3.7097,2.3307,-1.3789,876
5063620,3176,4833,52.1725,590,955,61.8644,212,290,36.7925,5.1952,4.2831,-0.9122,10.8475,7.1204,-3.727,869
4130426,3106,4554,46.6194,573,891,55.4974,62,83,33.871,1.642,1.4273,-0.2147,2.6178,3.7037,1.0859,850
4138583,2583,4273,65.4278,670,946,41.194,620,337,-45.6452,11.8854,6.3187,-5.5667,12.2388,9.0909,-3.1479,840
3672452,2539,3744,47.4596,576,859,49.1319,119,154,29.4118,3.6235,3.312,-0.3115,4.3403,3.7253,-0.615,823
4276787,2760,3515,27.3551,546,862,57.8755,221,195,-11.7647,5.3986,3.9545,-1.4441,7.1429,4.5244,-2.6185,815
3604509,3030,3697,22.0132,750,976,30.1333,354,383,8.1921,9.934,8.4934,-1.4406,14.4,11.9877,-2.4123,806
64179,2605,2937,12.7447,730,939,28.6301,771,870,12.8405,19.7697,18.0116,-1.7581,14.2466,13.6315,-0.6151,806
4358294,5376,6996,30.1339,567,815,43.739,31,40,29.0323,0.5208,0.486,-0.0348,1.7637,1.3497,-0.414,795
622168,3978,5418,36.1991,548,815,48.7226,49,63,28.5714,1.0558,0.9782,-0.0776,2.9197,2.454,-0.4657,793
1530704,2213,3403,53.7732,523,823,57.3614,88,108,22.7273,2.892,2.2627,-0.6293,4.3977,3.4022,-0.9955,791
1249761,2921,4345,48.7504,569,849,49.2091,201,270,34.3284,4.9641,4.58,-0.3841,7.2056,6.596,-0.6096,785
3673049,2992,4548,52.0053,605,909,50.2479,181,241,33.1492,5.2473,4.5075,-0.7399,9.7521,11.6612,1.9091,783
4639855,3171,4283,35.0678,581,857,47.5043,223,279,25.1121,5.2665,4.8798,-0.3867,8.0895,8.4014,0.3119,765
4712571,2576,3496,35.7143,527,818,55.2182,100,148,48.0,3.028,3.4897,0.4618,6.2619,5.0122,-1.2496,759
2331312,3027,3485,15.1305,500,812,62.4,164,206,25.6098,3.8322,4.3329,0.5007,7.6,6.2808,-1.3192,752
85955,2451,3131,27.7438,557,867,55.6553,596,832,39.5973,14.3615,14.4363,0.0748,14.7217,11.3033,-3.4184,752
359388,3792,3816,0.6329,731,795,8.7551,234,227,-2.9915,5.0369,4.5597,-0.4772,9.3023,6.6667,-2.6357,731
1020087,3298,4353,31.9891,552,752,36.2319,60,63,5.0,1.5767,1.2635,-0.3132,4.8913,2.6596,-2.2317,726
767106,2684,3552,32.3398,541,779,43.9926,183,226,23.4973,4.5455,4.5045,-0.041,6.2847,6.4185,0.1338,720
133377,1717,3426,99.5341,410,744,81.4634,45,85,88.8889,2.2132,1.7221,-0.491,3.4146,3.2258,-0.1888,719
2966303,3301,4038,22.3266,528,764,44.697,113,139,23.0088,3.0597,2.7489,-0.3108,7.0076,5.2356,-1.772,711
1009182,2253,3147,39.6804,478,761,59.205,197,206,4.5685,6.3027,4.7982,-1.5045,8.5774,5.5191,-3.0584,711
3836451,2558,3185,24.5113,610,756,23.9344,176,144,-18.1818,5.6685,3.7049,-1.9636,9.6721,4.8942,-4.778,703
3123784,4002,5606,40.08,487,720,47.8439,86,101,17.4419,1.1994,1.1773,-0.0221,3.9014,2.6389,-1.2625,693
2872443,4040,4719,16.8069,601,748,24.4592,172,181,5.2326,3.4901,3.0939,-0.3962,8.985,7.4866,-1.4984,686
2030976,2706,2984,10.2735,672,806,19.9405,464,489,5.3879,12.4538,13.1367,0.6829,15.1786,14.0199,-1.1587,683
330316,3121,3662,17.3342,562,756,34.5196,351,405,15.3846,7.3374,6.9907,-0.3467,11.3879,7.8042,-3.5837,681
2087597,2078,3627,74.5428,378,699,84.9206,32,56,75.0,1.3956,1.2407,-0.1549,2.1164,2.5751,0.4587,677
1471163,2528,3278,29.6677,631,772,22.3455,410,392,-4.3902,10.7991,9.0604,-1.7386,13.3122,11.2694,-2.0428,671
3303026,2735,3898,42.5229,430,725,68.6047,124,174,40.3226,3.2541,3.1811,-0.073,6.7442,6.8966,0.1524,661
360294,3598,5140,42.8571,543,762,40.3315,282,376,33.3333,6.0033,5.7393,-0.264,13.9963,12.336,-1.6604,660
796856,2038,2871,40.8734,482,710,47.3029,158,217,37.3418,5.8391,5.782,-0.0571,6.0166,5.7746,-0.2419,660
1573465,2615,2669,2.065,637,768,20.5651,688,632,-8.1395,16.5966,14.6497,-1.9469,15.3846,12.5,-2.8846,656
163196,2038,3186,56.3297,449,722,60.8018,172,247,43.6047,6.3788,5.8694,-0.5094,9.7996,8.4488,-1.3508,655
3378887,2335,3102,32.848,469,718,53.0917,155,185,19.3548,5.0107,4.6744,-0.3363,7.8891,8.7744,0.8852,649
2725426,3324,3892,17.0878,515,706,37.0874,145,140,-3.4483,3.4296,2.9805,-0.4491,6.7961,7.6487,0.8526,647
3439012,2320,3448,48.6207,493,768,55.7809,520,794,52.6923,14.9138,14.6172,-0.2966,16.43,13.9323,-2.4977,644
722945,3099,4470,44.2401,456,690,51.3158,311,421,35.3698,6.6473,6.0403,-0.607,10.7456,6.9565,-3.7891,633
113102,1611,2558,58.7834,375,655,74.6667,66,87,31.8182,2.9174,2.502,-0.4155,3.4667,2.9008,-0.5659,632
4095810,2063,3298,59.8643,490,711,45.102,349,553,58.4527,10.7126,10.3396,-0.373,12.8571,10.8298,-2.0273,628
1875258,1888,2790,47.7754,440,663,50.6818,157,179,14.0127,6.303,4.767,-1.5359,7.2727,4.9774,-2.2954,624
3904106,2661,3727,40.0601,487,686,40.8624,118,148,25.4237,3.5325,3.0051,-0.5274,6.7762,6.5598,-0.2164,623
551706,2512,3254,29.5382,557,682,22.4417,219,232,5.9361,6.1306,5.1014,-1.0292,8.4381,6.7449,-1.6932,622
3767409,2279,2696,18.2975,474,669,41.1392,170,195,14.7059,5.0461,5.3783,0.3323,6.962,6.7265,-0.2356,618
323851,3737,3937,5.3519,450,633,40.6667,100,81,-19.0,2.007,1.5494,-0.4576,6.2222,2.5276,-3.6946,612
1884568,2213,3316,49.8418,434,677,55.9908,270,350,29.6296,7.7723,6.3631,-1.4092,8.0645,7.6809,-0.3836,612
4780547,2250,3146,39.8222,423,647,52.9551,112,165,47.3214,3.8667,3.8144,-0.0523,6.8558,5.8733,-0.9825,606
3253210,3225,3685,14.2636,517,640,23.7911,190,229,20.5263,3.5349,3.365,-0.1699,5.4159,4.2188,-1.1971,605
2311290,2124,2635,24.0584,469,651,38.806,229,231,0.8734,7.1563,5.2751,-1.8812,8.9552,5.53,-3.4253,604
1331853,1002,2312,130.7385,268,644,140.2985,148,166,12.1622,7.6846,5.7958,-1.8888,5.9701,8.0745,2.1044,590
446701,1701,2464,44.856,458,637,39.083,190,178,-6.3158,6.8783,5.3977,-1.4806,7.8603,7.5353,-0.3249,582
2194744,2262,3010,33.0681,458,663,44.7598,314,393,25.1592,8.3554,8.0399,-0.3156,10.262,9.0498,-1.2122,577
4301450,2601,3356,29.0273,406,656,61.5764,327,468,43.1193,8.689,9.5054,0.8164,12.8079,10.8232,-1.9847,574
448398,2901,3491,20.3378,350,619,76.8571,117,173,47.8632,2.8956,2.6353,-0.2602,6.0,5.0081,-0.9919,569
3177877,2429,2785,14.6562,587,665,13.2879,395,422,6.8354,12.3919,11.167,-1.225,13.4583,12.0301,-1.4282,569
2626421,2427,2990,23.1974,487,632,29.7741,186,218,17.2043,5.8508,5.9866,0.1358,8.2136,8.0696,-0.1439,568
4321796,2680,2981,11.2313,445,598,34.382,97,100,3.0928,2.8731,2.7508,-0.1224,6.0674,3.3445,-2.7229,568
569703,2461,3112,26.4527,397,602,51.6373,231,314,35.9307,6.217,6.5553,0.3383,9.3199,6.3123,-3.0076,553
3530487,1527,2197,43.8769,363,611,68.3196,268,295,10.0746,12.1807,9.7861,-2.3947,12.1212,8.347,-3.7742,552
3455617,1924,2456,27.6507,400,588,47.0,195,253,29.7436,6.6528,6.1482,-0.5046,6.25,4.5918,-1.6582,550
181182,2546,3060,20.1885,449,613,36.5256,166,175,5.4217,4.3991,4.085,-0.3141,7.5724,7.3409,-0.2314,549
1281171,1541,2407,56.1973,346,593,71.3873,85,118,38.8235,4.1531,3.7806,-0.3725,4.0462,6.0708,2.0246,549
2321836,1612,2317,43.7345,440,630,43.1818,419,552,31.7422,18.5484,14.4584,-4.09,11.3636,12.0635,0.6999,548
2217187,3093,3608,16.6505,443,570,28.6682,84,97,15.4762,2.2955,1.9678,-0.3277,4.5147,3.5088,-1.0059,545
3361496,2179,3306,51.721,348,567,62.931,77,94,22.0779,2.6159,2.2989,-0.317,4.023,4.0564,0.0334,540
4331400,1905,2032,6.6667,465,598,28.6022,411,328,-20.1946,12.0735,10.9252,-1.1483,7.957,8.5284,0.5714,538
2732466,2246,2952,31.4337,418,581,38.9952,107,112,4.6729,4.0071,3.1504,-0.8567,8.8517,7.2289,-1.6228,534
1888306,1845,2510,36.0434,372,559,50.2688,58,86,48.2759,2.71,2.988,0.278,4.5699,4.4723,-0.0976,533
4098232,2942,3898,32.4949,366,565,54.3716,123,164,33.3333,3.3651,3.1555,-0.2096,6.0109,5.3097,-0.7012,527
4350978,1084,2399,121.31,224,582,159.8214,134,217,61.9403,6.6421,6.6278,-0.0143,8.9286,9.2784,0.3498,524
4444302,2732,2997,9.6999,509,579,13.7525,167,182,8.982,4.7584,4.638,-0.1204,9.2338,8.6356,-0.5982,521
4498047,1595,2665,67.0846,348,564,62.069,114,173,51.7544,5.0157,4.4278,-0.5879,5.7471,7.0922,1.3451,521
4696710,1894,2415,27.5079,385,554,43.8961,113,123,8.8496,4.5935,3.8095,-0.7839,9.0909,6.3177,-2.7732,515
3323023,3578,4878,36.3331,385,526,36.6234,28,22,-21.4286,0.6708,0.3485,-0.3223,3.3766,1.9011,-1.4755,512
3252144,2137,3360,57.2298,265,531,100.3774,36,49,36.1111,1.4038,1.131,-0.2729,3.0189,3.0132,-0.0057,511
5002819,1565,2413,54.1853,379,532,40.3694,36,38,5.5556,1.6613,1.3676,-0.2937,2.9024,3.1955,0.2931,511
757910,1606,2295,42.9016,354,578,63.2768,183,260,42.0765,7.9701,7.8867,-0.0834,13.2768,9.6886,-3.5883,511
2247787,3424,4048,18.2243,367,535,45.7766,68,82,20.5882,1.7231,1.8281,0.1049,5.9946,4.8598,-1.1347,506
4715650,1461,2139,46.4066,374,544,45.4545,177,254,43.5028,9.5825,8.7424,-0.8401,7.754,6.8015,-0.9525,505
2815065,2449,2583,5.4716,524,552,5.3435,253,250,-1.1858,6.5741,6.3105,-0.2636,8.5878,7.2464,-1.3414,504
1528701,1967,2395,21.759,408,553,35.5392,134,157,17.1642,4.9822,4.6764,-0.3058,6.3725,6.8716,0.4991,503
1609467,1669,2040,22.2289,414,555,34.058,216,274,26.8519,10.006,9.4608,-0.5452,11.3527,8.8288,-2.5238,503
4684862,2004,3030,51.1976,326,529,62.2699,133,142,6.7669,4.0918,2.9703,-1.1215,6.7485,4.5369,-2.2116,502
2195789,1462,1931,32.0793,367,565,53.951,175,259,48.0,8.3447,10.1502,1.8054,10.3542,10.2655,-0.0887,501
1089685,1268,1887,48.817,308,553,79.5455,111,169,52.2523,6.7823,6.6773,-0.1051,7.4675,6.6908,-0.7768,501
65362,1499,2997,99.9333,273,526,92.674,33,58,75.7576,1.9346,1.7017,-0.2329,4.7619,4.7529,-0.0091,498
876318,1740,2479,42.4713,326,550,68.7117,196,278,41.8367,7.2414,7.0996,-0.1417,9.5092,8.5455,-0.9637,497
286229,2659,3438,29.2967,452,528,16.8142,153,148,-3.268,3.6104,3.3741,-0.2363,6.6372,5.4924,-1.1447,492
3090850,1549,2747,77.3402,290,531,83.1034,150,198,32.0,6.133,4.332,-1.801,12.4138,6.7797,-5.6341,490
1615537,2299,3704,61.1135,304,511,68.0921,48,77,60.4167,1.6094,1.7279,0.1185,4.9342,4.6967,-0.2375,485
1612623,2057,2889,40.4473,307,518,68.7296,95,100,5.2632,3.7919,2.873,-0.919,7.4919,5.4054,-2.0865,483
4583654,2295,3478,51.5468,311,517,66.2379,168,272,61.9048,4.3573,4.2266,-0.1307,10.2894,5.8027,-4.4867,481
1165503,3527,4755,34.8171,371,495,33.4232,25,31,24.0,0.6238,0.5678,-0.0559,1.6173,2.8283,1.211,478
3253357,1525,2293,50.3607,316,503,59.1772,80,62,-22.5,4.6557,2.1805,-2.4752,5.6962,3.9761,-1.7201,478
1419417,1705,2455,43.9883,399,557,39.599,215,302,40.4651,9.912,9.6945,-0.2175,16.5414,12.2083,-4.3331,474
1691699,2713,3808,40.3612,467,572,22.4839,278,378,35.9712,8.4777,7.8519,-0.6258,13.7045,15.5594,1.8549,473
4051859,2533,3048,20.3316,355,498,40.2817,40,51,27.5,1.3818,1.2795,-0.1022,3.3803,4.4177,1.0374,473
1611144,1964,2118,7.8411,386,525,36.0104,257,277,7.7821,9.4196,9.3484,-0.0711,13.7306,9.1429,-4.5877,473
2394030,2072,2835,36.8243,369,516,39.8374,170,193,13.5294,5.5019,4.8325,-0.6695,7.0461,7.3643,0.3183,472
2479420,2823,3128,10.8041,386,504,30.5699,69,70,1.4493,2.09,1.9501,-0.1398,7.772,5.3571,-2.4149,469
2362370,3230,4002,23.9009,399,485,21.5539,44,36,-18.1818,0.8978,0.8246,-0.0732,2.7569,2.6804,-0.0765,467
1125862,3949,5148,30.3621,390,520,33.3333,135,151,11.8519,2.2791,2.2727,-0.0063,5.8974,7.3077,1.4103,466
5045733,1768,2294,29.7511,346,484,39.8844,59,70,18.6441,2.319,2.3104,-0.0086,4.6243,3.719,-0.9053,466
3807763,4608,5311,15.2561,407,486,19.4103,89,102,14.6067,1.4974,1.3557,-0.1417,4.6683,4.1152,-0.5531,464
3425094,1885,2504,32.8382,378,489,29.3651,99,98,-1.0101,3.7666,2.6358,-1.1308,5.291,4.908,-0.383,464
1040356,1873,2509,33.9562,318,489,53.7736,73,104,42.4658,3.2568,3.5472,0.2904,6.6038,5.5215,-1.0823,462
2314022,1349,1898,40.6968,301,494,64.1196,110,138,25.4545,6.301,5.5848,-0.7161,6.6445,6.0729,-0.5716,460
3561974,2291,3130,36.6216,325,473,45.5385,27,37,37.037,0.873,0.8626,-0.0104,1.5385,1.9027,0.3643,459
739426,2042,2646,29.5788,344,485,40.9884,175,234,33.7143,5.6317,5.8579,0.2262,6.686,5.1546,-1.5314,453
3740459,1510,2158,42.9139,404,596,47.5248,276,350,26.8116,14.106,11.9092,-2.1968,18.3168,15.2685,-3.0484,452
4763051,1852,2120,14.4708,406,499,22.9064,316,381,20.5696,10.6371,10.4717,-0.1655,13.5468,7.6152,-5.9316,452
2272488,2338,3207,37.1685,310,464,49.6774,47,48,2.1277,1.5825,1.0914,-0.4912,4.8387,2.8017,-2.037,451
2407396,1371,1939,41.4296,308,476,54.5455,142,175,23.2394,6.4187,5.6215,-0.7972,5.1948,4.4118,-0.783,449
1429156,1850,2746,48.4324,288,494,71.5278,174,282,62.069,6.6486,6.3365,-0.3122,9.0278,7.2874,-1.7403,447
4466876,2773,3845,38.6585,328,460,40.2439,18,21,16.6667,0.6131,0.4681,-0.1449,1.8293,2.3913,0.562,446
2020240,1493,1974,32.217,353,495,40.2266,164,182,10.9756,6.0281,5.9271,-0.1011,6.5156,7.4747,0.9592,446
957119,1422,2067,45.3586,373,518,38.874,290,387,33.4483,14.6273,13.2075,-1.4197,13.4048,13.7066,0.3017,442
58498,1217,1780,46.2613,305,474,55.4098,121,136,12.3967,7.8061,5.8427,-1.9634,9.1803,6.3291,-2.8512,441
1629035,1628,2425,48.9558,289,464,60.5536,69,82,18.8406,3.0713,2.5155,-0.5558,6.2284,4.5259,-1.7025,440
1936748,1644,2258,37.3479,349,544,55.8739,360,543,50.8333,13.9294,15.1461,1.2167,20.6304,17.2794,-3.351,434
4267003,1867,2788,49.3305,293,456,55.6314,68,84,23.5294,2.9995,2.5825,-0.417,7.1672,5.4825,-1.6848,428
3794706,2163,2457,13.5922,377,461,22.2812,110,98,-10.9091,3.791,3.0525,-0.7385,6.1008,5.2061,-0.8947,428
476283,1344,2022,50.4464,275,477,73.4545,182,294,61.5385,8.7798,9.001,0.2212,10.9091,9.2243,-1.6848,425
841696,1747,2362,35.2032,326,452,38.6503,96,113,17.7083,4.0641,3.8103,-0.2538,6.7485,5.0885,-1.66,423
869231,2216,2767,24.8646,371,460,23.9892,134,158,17.9104,4.6931,4.12,-0.5732,8.0863,8.2609,0.1746,421
223690,1715,2314,34.9271,390,479,22.8205,178,212,19.1011,8.3965,6.6984,-1.6981,9.2308,10.8559,1.6252,415
1202097,1457,2074,42.3473,307,426,38.7622,18,16,-11.1111,1.0981,0.7715,-0.3267,2.6059,2.1127,-0.4932,415
4897718,1600,1916,19.75,347,456,31.4121,179,213,18.9944,7.4375,7.62,0.1825,8.6455,8.5526,-0.0929,413
2409814,1310,2003,52.9008,254,435,71.2598,114,186,63.1579,5.4198,5.2921,-0.1278,4.7244,5.0575,0.3331,410
4655941,2088,3097,48.3238,314,412,31.2102,9,13,44.4444,0.3831,0.3875,0.0043,1.9108,0.4854,-1.4254,407
721664,968,1603,65.5992,247,455,84.2105,143,189,32.1678,10.4339,8.3593,-2.0746,6.8826,9.2308,2.3482,407
4152994,2343,3114,32.9065,288,442,53.4722,111,163,46.8468,3.201,3.8215,0.6204,7.6389,7.4661,-0.1728,406
3796207,1291,2634,104.0279,233,438,87.9828,88,111,26.1364,4.4926,3.1511,-1.3415,6.867,5.9361,-0.9309,406
3924783,1229,1952,58.8283,278,444,59.7122,110,140,27.2727,7.0789,5.584,-1.4949,11.8705,8.1081,-3.7624,404
578983,2869,3516,22.5514,326,416,27.6074,31,39,25.8065,0.9062,0.8817,-0.0246,3.681,2.8846,-0.7964,403
4540978,1341,1838,37.0619,337,433,28.4866,166,180,8.4337,8.9485,7.2361,-1.7124,6.8249,6.2356,-0.5894,403
4197505,1313,1823,38.8423,290,442,52.4138,151,187,23.8411,8.9109,7.186,-1.7249,13.1034,7.9186,-5.1849,402
4743234,1172,1964,67.5768,232,425,83.1897,45,66,46.6667,3.0717,2.8513,-0.2203,6.0345,4.7059,-1.3286,401
1872294,1390,1914,37.6978,292,431,47.6027,129,156,20.9302,7.7698,6.1651,-1.6047,7.1918,6.2645,-0.9273,401
4789674,1428,1783,24.8599,352,442,25.5682,186,230,23.6559,9.1737,9.4223,0.2487,11.9318,8.5973,-3.3345,401
1572948,1432,1831,27.8631,392,498,27.0408,357,413,15.6863,16.6201,14.8553,-1.7648,20.1531,16.4659,-3.6872,398
3935940,1185,1594,34.5148,366,422,15.3005,121,141,16.5289,7.5949,6.5245,-1.0705,8.7432,5.4502,-3.2929,398
2596428,2208,2595,17.5272,318,418,31.4465,49,48,-2.0408,1.7663,1.4644,-0.3019,4.0881,4.5455,0.4574,397
5144469,1776,1961,10.4167,376,429,14.0957,141,156,10.6383,6.1374,5.5074,-0.63,9.0426,6.993,-2.0495,397
2218582,1147,1575,37.3147,283,497,75.6184,249,327,31.3253,14.4725,13.3333,-1.1392,15.5477,14.6881,-0.8596,397
428367,1439,1791,24.4614,387,481,24.2894,331,385,16.3142,15.9138,14.2379,-1.676,17.5711,14.7609,-2.8101,395
237446,2260,3091,36.7699,283,418,47.7032,82,81,-1.2195,2.6549,2.1352,-0.5196,7.0671,4.5455,-2.5217,394
3563906,1319,2029,53.8287,208,406,95.1923,72,86,19.4444,3.1084,2.6121,-0.4963,4.8077,3.6946,-1.1131,391
3102560,1092,1861,70.4212,342,475,38.8889,249,321,28.9157,13.5531,12.2515,-1.3016,11.6959,15.1579,3.462,390
4847838,1523,2263,48.5883,301,415,37.8738,50,50,0.0,2.8234,1.8118,-1.0116,6.3123,4.0964,-2.2159,389
1104592,1379,2130,54.4598,213,413,93.8967,150,169,12.6667,7.9043,4.2723,-3.632,7.9812,4.3584,-3.6229,388
1842993,1431,1950,36.2683,326,443,35.8896,178,210,17.9775,8.8749,7.4359,-1.439,14.4172,10.8352,-3.582,387
5099474,1055,1490,41.2322,273,417,52.7473,103,124,20.3883,7.2986,7.1812,-0.1174,6.5934,7.1942,0.6008,385
3294401,1053,3077,192.2127,112,390,248.2143,23,33,43.4783,1.1396,0.65,-0.4896,3.5714,1.7949,-1.7766,382
5030562,1614,2280,41.2639,288,413,43.4028,83,74,-10.8434,4.6468,2.6316,-2.0153,9.0278,7.0218,-2.006,380
1108912,1944,2671,37.3971,281,402,43.0605,57,70,22.807,2.1091,1.9843,-0.1248,4.6263,5.2239,0.5975,379
542584,947,1398,47.6241,265,444,67.5472,236,278,17.7966,17.1067,12.6609,-4.4457,15.0943,10.8108,-4.2835,377
3177764,1389,1818,30.8855,308,417,35.3896,136,163,19.8529,7.9914,6.9857,-1.0057,8.7662,9.3525,0.5863,375
58836,1549,2381,53.7121,302,479,58.6093,309,434,40.4531,12.1369,10.4998,-1.6371,15.5629,16.9102,1.3473,374
791327,1326,1773,33.7104,297,402,35.3535,118,133,12.7119,6.2594,5.6966,-0.5629,7.4074,6.7164,-0.691,373
562852,1148,2029,76.7422,208,384,84.6154,17,30,76.4706,1.1324,1.035,-0.0974,2.4038,2.8646,0.4607,370
243423,2648,3437,29.7961,285,400,40.3509,142,168,18.3099,3.361,2.8513,-0.5097,8.4211,5.75,-2.6711,368
2672762,1521,2101,38.1328,270,398,47.4074,73,82,12.3288,4.0105,3.189,-0.8216,9.2593,6.0302,-3.2291,368
3865465,1225,1934,57.8776,218,402,84.4037,82,84,2.439,4.6531,3.3092,-1.3439,7.3394,7.7114,0.372,368
500212,1683,2400,42.6025,266,377,41.7293,33,28,-15.1515,1.3666,0.875,-0.4916,4.5113,1.8568,-2.6545,367
4141018,1893,2233,17.9609,207,382,84.5411,43,47,9.3023,1.4791,1.433,-0.0461,4.8309,2.8796,-1.9513,367
2651305,1049,1590,51.5729,232,425,83.1897,171,213,24.5614,10.3908,8.7421,-1.6487,12.931,10.1176,-2.8134,367
2675427,1164,1690,45.189,193,380,96.8912,92,126,36.9565,4.7251,4.4379,-0.2872,5.1813,3.4211,-1.7603,365
662846,2554,3217,25.9593,241,393,63.0705,66,103,56.0606,1.8794,2.4868,0.6074,9.5436,6.8702,-2.6733,363
2492895,2069,2394,15.7081,353,405,14.7309,296,181,-38.8514,7.6849,4.5948,-3.0901,9.6317,7.6543,-1.9774,363
690811,1481,2281,54.0176,254,393,54.7244,109,153,40.367,5.1992,4.9101,-0.2891,7.0866,6.6158,-0.4708,363
2528824,1786,2412,35.0504,254,375,47.6378,36,46,27.7778,1.9597,1.4925,-0.4671,4.3307,2.9333,-1.3974,362
1462446,1042,1703,63.4357,228,397,74.1228,127,211,66.1417,7.3896,6.8702,-0.5194,11.8421,7.3048,-4.5373,362
3483675,995,1485,49.2462,268,401,49.6269,124,135,8.871,9.0452,7.4074,-1.6378,11.5672,6.4838,-5.0834,362
703487,2719,3735,37.3667,301,433,43.8538,241,329,36.5145,6.473,6.4525,-0.0205,14.6179,12.7021,-1.9159,361
4294583,1082,1707,57.7634,247,390,57.8947,112,161,43.75,8.2255,6.0926,-2.1329,9.3117,7.1795,-2.1323,361
3826089,2563,3277,27.858,266,378,42.1053,46,40,-13.0435,1.4826,0.946,-0.5367,6.7669,3.4392,-3.3278,360
3790396,2512,2814,12.0223,296,383,29.3919,50,56,12.0,1.5924,1.4925,-0.0998,4.3919,4.4386,0.0468,359
2106073,1982,2716,37.0333,257,394,53.3074,93,120,29.0323,3.6327,3.3873,-0.2454,6.2257,8.3756,2.15,358
3886822,1657,2192,32.2873,293,386,31.7406,80,93,16.25,3.7417,3.4672,-0.2745,8.8737,5.9585,-2.9152,358
3582485,988,1510,52.834,275,368,33.8182,32,46,43.75,2.5304,2.7152,0.1849,3.6364,2.7174,-0.919,357
2436637,2057,2736,33.0092,278,412,48.2014,227,287,26.4317,7.2436,7.1637,-0.0798,14.3885,11.4078,-2.9807,355
4286569,1208,1629,34.851,329,397,20.6687,187,244,30.4813,10.6788,9.822,-0.8568,10.9422,9.8237,-1.1186,354
3100759,1859,2552,37.2781,239,380,58.9958,73,99,35.6164,2.9048,2.9389,0.0341,10.0418,7.6316,-2.4103,350
4129924,951,1467,54.2587,232,374,61.2069,81,98,20.9877,6.4143,4.6353,-1.779,9.0517,5.615,-3.4368,349
1013319,1829,2355,28.7589,287,376,31.0105,97,122,25.7732,4.2646,4.1614,-0.1033,7.6655,5.5851,-2.0804,348
1620537,1381,2753,99.3483,188,372,97.8723,88,123,39.7727,4.4171,3.1602,-1.2569,8.5106,5.6452,-2.8655,347
1689624,1811,2451,35.3396,265,418,57.7358,166,249,50.0,6.4053,7.0583,0.653,15.8491,12.4402,-3.4089,343
3415144,1541,2136,38.6113,310,402,29.6774,235,292,24.2553,9.3446,9.0356,-0.309,12.2581,12.6866,0.4285,343
845650,1459,2088,43.1117,263,400,52.0913,172,213,23.8372,8.9102,6.5134,-2.3968,14.4487,11.5,-2.9487,343
1631778,1172,1809,54.3515,262,361,37.7863,73,89,21.9178,4.3515,3.5931,-0.7584,9.9237,4.9861,-4.9375,343
5028877,1122,1435,27.8966,285,396,38.9474,117,154,31.6239,9.0018,8.7108,-0.291,9.8246,12.3737,2.5492,343
440901,1577,1984,25.8085,244,350,43.4426,46,46,0.0,2.0292,1.8145,-0.2147,5.3279,3.1429,-2.185,339
4604594,1332,1712,28.5285,277,351,26.7148,31,30,-3.2258,2.027,1.3435,-0.6836,2.8881,2.5641,-0.324,339
2837163,1510,2131,41.1258,221,380,71.9457,184,201,9.2391,7.351,5.3965,-1.9545,9.0498,7.6316,-1.4182,337
1929875,1171,2441,108.4543,190,368,93.6842,156,160,2.5641,7.6857,4.0967,-3.5891,15.7895,7.337,-8.4525,334
2448593,949,1741,83.4563,195,373,91.2821,136,174,27.9412,8.746,6.6628,-2.0832,11.7949,9.3834,-2.4115,332
838946,1115,1638,46.9058,213,361,69.4836,129,172,33.3333,7.9821,7.0208,-0.9613,12.2066,7.2022,-5.0044,329
2156574,1470,2216,50.7483,212,343,61.7925,79,100,26.5823,3.9456,3.6552,-0.2903,8.4906,5.2478,-3.2428,322
715319,1110,1625,46.3964,184,340,84.7826,146,195,33.5616,7.5676,5.2923,-2.2753,9.2391,6.1765,-3.0627,316
888094,1071,1536,43.4174,179,352,96.648,65,124,90.7692,5.042,6.7708,1.7288,13.4078,9.6591,-3.7487,316
5028097,1072,2641,146.3619,129,321,148.8372,24,43,79.1667,1.2127,0.833,-0.3797,2.3256,1.5576,-0.7679,314
374584,1444,1746,20.9141,285,350,22.807,135,160,18.5185,6.856,6.4719,-0.384,9.1228,8.2857,-0.8371,314
2156156,1485,1892,27.4074,243,342,40.7407,146,166,13.6986,5.6566,5.4968,-0.1597,6.9959,5.848,-1.1479,313
1438507,2820,3545,25.7092,249,319,28.1124,16,20,25.0,0.461,0.4795,0.0186,3.2129,1.2539,-1.9589,312
2089582,745,1128,51.4094,157,331,110.828,66,79,19.697,5.906,4.6099,-1.2961,3.8217,5.4381,1.6164,312
1526484,810,1842,127.4074,122,320,162.2951,26,47,80.7692,1.6049,1.9001,0.2952,3.2787,3.125,-0.1537,309
2256028,1224,1746,42.6471,213,334,56.8075,73,95,30.137,4.7386,4.3528,-0.3858,8.9202,7.485,-1.4352,307
4718134,1585,1878,18.4858,252,323,28.1746,43,52,20.9302,2.5237,2.4494,-0.0742,4.7619,4.9536,0.1917,305
344221,830,1320,59.0361,173,337,94.7977,94,143,52.1277,7.1084,7.9545,0.8461,10.4046,8.3086,-2.096,304
2922264,1606,3099,92.9639,134,305,127.6119,15,18,20.0,0.4981,0.3872,-0.1109,3.7313,0.3279,-3.4035,303
750949,1227,1695,38.1418,225,372,65.3333,138,175,26.8116,9.454,8.3186,-1.1354,16.0,11.5591,-4.4409,303
4883737,659,1767,168.1335,154,309,100.6494,31,26,-16.129,3.3384,0.8489,-2.4895,4.5455,2.2654,-2.2801,302
1506018,1142,1427,24.9562,245,338,37.9592,166,155,-6.6265,11.0333,8.199,-2.8343,15.102,9.4675,-5.6346,302
944818,1129,1410,24.8893,274,332,21.1679,88,96,9.0909,5.403,5.0355,-0.3676,7.6642,8.4337,0.7695,301
1367932,923,1352,46.4789,205,324,58.0488,57,79,38.5965,4.3337,4.2899,-0.0438,4.878,7.0988,2.2207,299
2782399,1041,1771,70.1249,191,316,65.445,78,131,67.9487,5.2834,4.2914,-0.992,8.9005,5.6962,-3.2043,296
2221749,935,1554,66.2032,152,315,107.2368,96,110,14.5833,6.9519,4.2471,-2.7048,6.5789,5.3968,-1.1821,296
994002,853,1300,52.4033,194,313,61.3402,53,48,-9.434,4.9238,3.1538,-1.77,6.701,5.1118,-1.5892,296
4988911,1268,2502,97.3186,188,343,82.4468,86,161,87.2093,5.2839,4.4764,-0.8075,11.7021,12.828,1.1259,295
3328511,1337,1980,48.0927,188,316,68.0851,44,59,34.0909,2.6178,2.5758,-0.042,4.7872,5.6962,0.909,295
4762182,988,1435,45.2429,235,336,42.9787,162,203,25.3086,11.0324,10.5923,-0.4401,7.6596,10.7143,3.0547,295
3999977,1554,2065,32.8829,253,359,41.8972,141,168,19.1489,7.4646,6.3438,-1.1208,9.4862,8.6351,-0.8511,294
620409,1141,1486,30.2366,296,328,10.8108,234,134,-42.735,9.0272,7.2005,-1.8266,8.1081,9.7561,1.648,294
2507053,868,1203,38.5945,223,315,41.2556,93,108,16.129,6.9124,6.4838,-0.4287,5.8296,5.7143,-0.1153,292
339124,888,1872,110.8108,171,309,80.7018,47,88,87.234,3.1532,2.7244,-0.4288,6.4327,5.5016,-0.9311,291
3595690,989,1456,47.2194,237,327,37.9747,82,112,36.5854,7.0779,6.1813,-0.8965,10.9705,9.7859,-1.1845,291
3715529,1038,1178,13.4875,209,333,59.3301,152,208,36.8421,8.3815,10.1868,1.8053,10.5263,10.5105,-0.0158,291
4537973,743,1196,60.969,184,319,73.3696,104,149,43.2692,10.3634,9.6154,-0.748,9.7826,9.0909,-0.6917,287
1653613,738,1123,52.168,189,322,70.3704,55,87,58.1818,6.3686,5.9662,-0.4024,7.9365,9.9379,2.0014,285
22129,1615,2334,44.5201,164,289,76.2195,14,11,-21.4286,0.3715,0.2142,-0.1573,1.8293,1.3841,-0.4452,284
2644484,1199,1843,53.7114,177,311,75.7062,74,100,35.1351,4.8374,3.8524,-0.9849,9.0395,7.717,-1.3225,284
284968,1673,2902,73.4608,208,320,53.8462,130,169,30.0,5.0807,4.6175,-0.4632,8.6538,9.375,0.7212,283
1451814,775,1009,30.1935,200,316,58.0,120,172,43.3333,11.6129,11.6947,0.0818,9.0,8.2278,-0.7722,283
749203,878,1668,89.9772,181,298,64.6409,45,61,35.5556,4.1002,3.0576,-1.0427,5.5249,5.7047,0.1798,280
1963052,1535,2065,34.5277,209,310,48.3254,138,151,9.4203,6.2541,4.5521,-1.702,9.5694,7.4194,-2.15,279
3343024,1002,1392,38.9222,213,315,47.8873,179,156,-12.8492,10.0798,8.046,-2.0339,12.2066,10.7937,-1.4129,278
3419760,941,1348,43.2519,171,302,76.6082,103,116,12.6214,7.0138,5.4154,-1.5984,9.3567,6.2914,-3.0653,276
895939,907,1481,63.2856,188,319,69.6809,168,226,34.5238,11.3561,9.9257,-1.4304,14.3617,13.4796,-0.8821,275
3805065,1701,2645,55.4968,168,302,79.7619,75,115,53.3333,3.4098,3.7429,0.3332,12.5,6.2914,-6.2086,273
535180,1769,1900,7.4053,264,303,14.7727,148,126,-14.8649,4.918,4.1579,-0.7601,7.5758,6.2706,-1.3051,273
4382196,1209,1674,38.4615,202,276,36.6337,13,11,-15.3846,0.9098,0.4182,-0.4917,1.4851,1.4493,-0.0359,271
3973395,1263,1353,7.1259,292,315,7.8767,195,165,-15.3846,11.4014,9.017,-2.3844,13.6986,12.0635,-1.6351,271
3570656,1599,2329,45.6535,164,289,76.2195,67,69,2.9851,3.5022,2.1468,-1.3553,7.9268,5.1903,-2.7365,270
3010483,955,1333,39.5812,179,299,67.0391,68,75,10.2941,5.3403,4.3511,-0.9892,12.2905,7.6923,-4.5982,270
3730378,1208,1295,7.202,249,314,26.1044,180,210,16.6667,9.851,10.3475,0.4965,13.253,11.1465,-2.1065,269
2875366,797,1244,56.0853,156,291,86.5385,89,123,38.2022,7.5282,6.3505,-1.1777,2.5641,6.1856,3.6215,269
898327,624,1726,176.6026,113,282,149.5575,30,65,116.6667,3.8462,2.8389,-1.0072,3.5398,4.6099,1.0701,267
2191219,1015,1248,22.9557,263,323,22.8137,192,205,6.7708,14.0887,12.7404,-1.3483,16.73,15.7895,-0.9406,266
2313309,783,1146,46.3602,192,306,59.375,97,144,48.4536,9.7063,9.2496,-0.4567,11.9792,10.7843,-1.1949,265
3338209,1026,1232,20.078,214,295,37.8505,79,83,5.0633,5.2632,4.9513,-0.3119,7.9439,10.1695,2.2256,264
4177144,1347,1849,37.268,209,274,31.1005,20,19,-5.0,1.1136,0.8112,-0.3023,1.9139,2.9197,1.0058,263
3711641,1397,1618,15.8196,232,270,16.3793,36,35,-2.7778,1.6464,1.4833,-0.1631,3.8793,1.4815,-2.3978,262
1258177,614,1183,92.671,168,290,72.619,76,112,47.3684,9.4463,6.847,-2.5993,5.9524,8.2759,2.3235,262
2903469,874,1217,39.2449,161,275,70.8075,49,48,-2.0408,4.5767,3.1224,-1.4542,8.0745,4.0,-4.0745,261
1170772,908,1304,43.6123,180,281,56.1111,82,118,43.9024,6.8282,6.0583,-0.7699,8.8889,7.1174,-1.7715,260
854059,1187,1671,40.7751,249,297,19.2771,127,156,22.8346,6.15,5.8049,-0.3451,8.8353,10.4377,1.6024,259
3454970,996,1535,54.1165,164,275,67.6829,66,84,27.2727,5.0201,4.2997,-0.7204,8.5366,5.8182,-2.7184,257
1717476,903,1416,56.8106,158,276,74.6835,98,128,30.6122,6.0908,5.226,-0.8648,9.4937,6.1594,-3.3343,255
4911958,663,1031,55.5053,162,273,68.5185,122,159,30.3279,11.7647,8.4384,-3.3263,12.963,6.5934,-6.3696,253
3758226,564,917,62.5887,150,273,82.0,86,119,38.3721,11.5248,8.3969,-3.1279,6.0,5.8608,-0.1392,253
2421366,1441,2327,61.4851,202,257,27.2277,15,19,26.6667,0.694,0.7306,0.0366,2.9703,1.9455,-1.0248,252
3054014,667,1062,59.2204,157,282,79.6178,98,135,37.7551,11.2444,9.5104,-1.734,7.0064,9.2199,2.2135,252
882095,1258,2085,65.7393,154,264,71.4286,42,47,11.9048,2.5437,1.247,-1.2967,5.8442,4.1667,-1.6775,251
982081,714,1374,92.437,99,260,162.6263,32,82,156.25,2.2409,3.2023,0.9614,5.0505,2.6923,-2.3582,251
4307317,840,1170,39.2857,197,266,35.0254,47,59,25.5319,4.0476,3.8462,-0.2015,6.599,5.2632,-1.3358,251
2240104,606,1320,117.8218,72,255,254.1667,28,41,46.4286,3.1353,2.3485,-0.7868,2.7778,1.9608,-0.817,250
2615320,845,1097,29.8225,180,273,51.6667,61,86,40.9836,5.7988,5.9253,0.1264,12.2222,8.0586,-4.1636,250
3367924,1246,1625,30.4173,209,270,29.1866,46,47,2.1739,2.809,2.3385,-0.4705,6.2201,7.4074,1.1873,249
2328673,826,1239,50.0,179,267,49.162,70,104,48.5714,6.7797,6.6182,-0.1614,7.8212,6.7416,-1.0797,249
3935164,1129,1609,42.5155,197,257,30.4569,23,25,8.6957,1.6829,1.3052,-0.3777,3.0457,3.5019,0.4563,247
4519460,728,1007,38.3242,151,278,84.106,126,165,30.9524,10.7143,9.9305,-0.7838,10.596,7.9137,-2.6824,247
2196412,1653,2393,44.7671,206,270,31.068,87,106,21.8391,4.4162,3.6774,-0.7388,9.7087,7.037,-2.6717,244
3993644,796,1722,116.3317,140,275,96.4286,104,159,52.8846,8.794,6.0395,-2.7545,12.8571,10.1818,-2.6753,242
4826471,1193,1706,43.0008,151,264,74.8344,57,74,29.8246,3.6044,3.0481,-0.5563,8.6093,7.197,-1.4123,242
3919304,1029,1444,40.3304,173,268,54.9133,49,62,26.5306,3.7901,3.3241,-0.466,9.2486,8.209,-1.0396,242
3835723,592,1216,105.4054,139,250,79.8561,39,79,102.5641,3.8851,3.3717,-0.5134,5.036,2.8,-2.236,242
902410,1012,1356,33.9921,197,271,37.5635,82,97,18.2927,5.2372,5.3097,0.0726,12.1827,8.4871,-3.6957,241
1723409,967,1274,31.7477,157,256,63.0573,91,118,29.6703,6.3082,5.0235,-1.2846,8.2803,5.4688,-2.8115,241
3577636,1180,1966,66.6102,131,277,111.4504,118,223,88.9831,7.3729,7.7314,0.3586,12.9771,12.2744,-0.7027,240
3230909,1098,1733,57.8324,153,264,72.549,50,81,62.0,3.0055,3.2891,0.2836,9.1503,5.6818,-3.4685,240
4411949,1079,1139,5.5607,220,264,20.0,77,76,-1.2987,5.6534,4.0386,-1.6148,6.3636,8.3333,1.9697,240
1281227,569,1085,90.6854,79,254,221.519,33,44,33.3333,3.6907,3.318,-0.3727,8.8608,6.2992,-2.5615,238
1711596,1043,1413,35.4746,196,289,47.449,112,135,20.5357,7.0949,6.3694,-0.7255,8.6735,11.4187,2.7452,237
4728774,781,1023,30.9859,166,260,56.6265,97,130,34.0206,9.8592,8.8954,-0.9637,10.8434,8.4615,-2.3818,234
3466318,838,997,18.9737,193,240,24.3523,17,20,17.6471,1.6706,1.5045,-0.1661,2.0725,2.5,0.4275,234
4974254,618,891,44.1748,132,254,92.4242,76,90,18.4211,9.0615,6.6218,-2.4397,10.6061,6.6929,-3.9131,234
1665989,485,1298,167.6289,130,252,93.8462,62,140,125.8065,9.2784,6.7797,-2.4987,8.4615,7.1429,-1.3187,233
1025720,839,1166,38.975,167,289,73.0539,160,251,56.875,13.1108,15.952,2.8411,15.5689,15.2249,-0.3439,233
3132593,736,1139,54.7554,125,253,102.4,87,98,12.6437,8.1522,5.7946,-2.3576,8.0,7.1146,-0.8854,233
2130314,560,1049,87.3214,147,240,63.2653,36,37,2.7778,5.1786,2.7645,-2.414,6.1224,2.9167,-3.2058,233
4241245,590,816,38.3051,162,243,50.0,43,45,4.6512,5.0847,4.4118,-0.673,6.1728,2.4691,-3.7037,233
3850614,1177,1696,44.0952,181,255,40.884,58,70,20.6897,4.2481,3.184,-1.0641,6.0773,8.2353,2.1579,231
4164234,604,904,49.6689,125,245,96.0,100,162,62.0,8.9404,6.8584,-2.082,11.2,5.3061,-5.8939,231
3248864,948,1183,24.789,204,263,28.9216,174,201,15.5172,11.9198,11.5807,-0.3391,12.2549,10.6464,-1.6085,230
1019260,754,941,24.8011,190,250,31.5789,145,173,19.3103,12.2016,10.4145,-1.7871,6.8421,7.6,0.7579,228
3582241,2645,3075,16.2571,216,231,6.9444,20,23,15.0,0.5293,0.5854,0.0561,2.3148,1.7316,-0.5832,226
715487,921,1272,38.1107,190,238,25.2632,33,28,-15.1515,3.2573,1.3365,-1.9209,6.3158,4.2017,-2.1141,226
55312,808,1165,44.1832,193,273,41.4508,172,233,35.4651,12.5,11.5021,-0.9979,13.4715,12.4542,-1.0173,225
3456641,1320,1764,33.6364,205,249,21.4634,126,119,-5.5556,3.8636,3.8549,-0.0088,6.8293,8.0321,1.2029,224
583485,763,1262,65.3997,153,246,60.7843,116,133,14.6552,9.4364,6.8938,-2.5426,12.4183,7.3171,-5.1012,224
3435808,832,1219,46.5144,203,265,30.5419,170,212,24.7059,14.9038,12.6333,-2.2705,15.2709,13.5849,-1.686,224
3864364,684,1051,53.655,170,257,51.1765,90,107,18.8889,7.4561,7.3264,-0.1298,7.6471,10.5058,2.8588,224
940822,699,1029,47.2103,146,243,66.4384,47,61,29.7872,4.721,5.1506,0.4296,7.5342,6.5844,-0.9499,224
389704,598,893,49.3311,178,247,38.764,94,129,37.234,10.2007,10.7503,0.5496,10.6742,9.7166,-0.9576,223
3100520,1163,1417,21.8401,204,243,19.1176,52,59,13.4615,3.3534,3.5992,0.2458,10.7843,8.2305,-2.5539,222
2204097,838,1299,55.0119,139,244,75.5396,65,89,36.9231,6.0859,5.0808,-1.0051,7.9137,9.0164,1.1027,222
1610764,1088,1343,23.4375,199,253,27.1357,130,130,0.0,6.8934,6.4036,-0.4898,11.5578,9.8814,-1.6764,220
2595793,923,1095,18.6349,182,244,34.0659,63,81,28.5714,5.7421,5.3881,-0.354,5.4945,6.9672,1.4727,220
3995818,1148,1653,43.9895,117,231,97.4359,59,71,20.339,3.6585,3.2668,-0.3917,5.9829,4.329,-1.6539,218
1922644,860,1471,71.0465,133,238,78.9474,50,88,76.0,4.186,3.9429,-0.2432,6.015,6.3025,0.2875,218
1964754,965,1509,56.3731,207,262,26.57,262,260,-0.7634,9.9482,8.1511,-1.7971,15.942,14.5038,-1.4382,217
4956748,855,1140,33.3333,164,236,43.9024,49,64,30.6122,4.5614,3.8596,-0.7018,6.7073,8.0508,1.3435,217
545259,720,993,37.9167,156,233,49.359,110,120,9.0909,8.75,7.3515,-1.3985,8.3333,4.721,-3.6123,216
3160684,1038,1518,46.2428,179,236,31.8436,59,63,6.7797,3.1792,2.9644,-0.2148,4.4693,7.6271,3.1578,215
3141941,594,925,55.7239,115,238,106.9565,57,89,56.1404,7.7441,6.0541,-1.6901,14.7826,8.4034,-6.3792,215
1609851,646,1035,60.2167,159,229,44.0252,101,121,19.802,10.6811,8.2126,-2.4686,9.434,4.8035,-4.6305,214
4392650,658,941,43.0091,176,263,49.4318,216,302,39.8148,22.1884,20.1913,-1.9972,19.3182,14.0684,-5.2497,213
3953647,593,805,35.7504,152,240,57.8947,89,82,-7.8652,11.8044,8.0745,-3.7299,15.7895,8.75,-7.0395,213
2276883,713,1043,46.2833,161,235,45.9627,55,61,10.9091,6.0309,4.6021,-1.4287,11.1801,8.9362,-2.244,212
781315,1227,1684,37.2453,176,231,31.25,87,106,21.8391,4.564,4.038,-0.526,5.6818,7.3593,1.6775,211
1626599,752,1344,78.7234,136,225,65.4412,33,51,54.5455,2.6596,2.5298,-0.1298,5.1471,5.3333,0.1863,211
2792484,844,1198,41.9431,154,232,50.6494,61,62,1.6393,5.6872,4.0902,-1.5971,9.0909,6.8966,-2.1944,211
860357,626,988,57.8275,169,225,33.1361,90,99,10.0,10.2236,6.1741,-4.0496,8.8757,4.8889,-3.9869,211
582243,1305,1598,22.4521,199,264,32.6633,141,159,12.766,7.2797,7.1339,-0.1458,11.0553,17.4242,6.369,210
4757812,911,1372,50.6037,140,220,57.1429,18,26,44.4444,1.5368,1.5306,-0.0062,6.4286,5.4545,-0.974,208
820597,776,1265,63.0155,138,232,68.1159,30,48,60.0,2.9639,2.9249,-0.039,7.2464,8.6207,1.3743,208
3544014,714,915,28.1513,183,225,22.9508,120,120,0.0,12.3249,9.8361,-2.4889,7.6503,7.5556,-0.0947,208
2721770,696,1256,80.4598,133,243,82.7068,122,176,44.2623,12.7874,9.0764,-3.7109,14.2857,14.8148,0.5291,205
2023387,629,829,31.7965,143,224,56.6434,139,165,18.705,13.1955,12.7865,-0.4091,10.4895,8.9286,-1.5609,204
1906712,2697,6595,144.531,124,204,64.5161,9,4,-55.5556,0.2225,0.0455,-0.177,1.6129,0.4902,-1.1227,203
318219,650,696,7.0769,186,219,17.7419,116,118,1.7241,13.2308,12.2126,-1.0181,10.7527,7.7626,-2.9901,201
5147460,1166,1310,12.3499,170,217,27.6471,101,103,1.9802,5.1458,3.8931,-1.2527,10.5882,5.0691,-5.5191,199
4723214,951,1276,34.1746,149,203,36.2416,22,28,27.2727,1.4721,1.7241,0.252,6.0403,1.4778,-4.5624,199
4966058,749,1273,69.9599,136,211,55.1471,36,39,8.3333,3.3378,2.6709,-0.6669,6.6176,5.2133,-1.4044,198
4015257,474,699,47.4684,128,230,79.6875,110,126,14.5455,14.9789,10.8727,-4.1062,10.1563,11.7391,1.5829,198
1107469,495,672,35.7576,117,218,86.3248,68,84,23.5294,10.5051,9.5238,-0.9812,10.2564,8.7156,-1.5408,198
202297,1442,1904,32.0388,144,197,36.8056,15,14,-6.6667,0.7628,0.5777,-0.1851,2.7778,0.5076,-2.2702,194
4551297,616,1090,76.9481,103,202,96.1165,32,37,15.625,4.3831,2.3853,-1.9978,11.6505,3.4653,-8.1851,192
4853595,629,891,41.6534,142,200,40.8451,41,43,4.878,5.0874,3.5915,-1.496,8.4507,4.0,-4.4507,192
4611962,836,1238,48.0861,145,201,38.6207,55,72,30.9091,5.2632,4.0388,-1.2244,8.2759,4.4776,-3.7983,190
4011278,1124,1822,62.0996,150,204,36.0,46,70,52.1739,3.2918,2.7991,-0.4927,6.0,6.8627,0.8627,189
927764,1061,1837,73.1385,134,201,50.0,31,43,38.7097,2.0735,1.7964,-0.2771,3.7313,4.9751,1.2438,188
5066426,518,985,90.1544,68,196,188.2353,10,23,130.0,1.3514,1.2183,-0.1331,1.4706,3.5714,2.1008,188
4625363,986,1384,40.3651,117,194,65.812,23,19,-17.3913,1.8256,1.2283,-0.5972,5.9829,2.5773,-3.4056,187
4896062,757,1085,43.3289,151,211,39.7351,85,80,-5.8824,8.5865,4.977,-3.6096,15.894,9.0047,-6.8893,187
1171434,559,937,67.6208,135,212,57.037,101,128,26.7327,11.449,10.032,-1.417,14.8148,9.9057,-4.9092,187
2247880,1176,1855,57.7381,135,192,42.2222,16,18,12.5,1.1905,0.8625,-0.3279,2.2222,2.6042,0.3819,186
3947859,1024,1378,34.5703,121,195,61.157,27,42,55.5556,1.7578,1.3788,-0.379,0.0,2.0513,2.0513,186
1655632,866,1156,33.4873,136,191,40.4412,26,21,-19.2308,2.6559,1.5571,-1.0988,5.1471,2.6178,-2.5293,186
3566542,479,907,89.3528,93,195,109.6774,19,24,26.3158,1.8789,2.2051,0.3262,4.3011,2.5641,-1.737,186
2632873,1533,4090,166.7971,173,232,34.104,157,282,79.6178,5.6751,4.2543,-1.4209,12.1387,17.6724,5.5337,185
4656779,608,1002,64.8026,106,190,79.2453,15,21,40.0,2.1382,1.497,-0.6412,2.8302,1.5789,-1.2512,185
890050,534,817,52.9963,125,205,64.0,65,81,24.6154,9.9251,7.2215,-2.7036,13.6,8.7805,-4.8195,185
5007081,973,1467,50.7708,126,197,56.3492,24,37,54.1667,2.1583,2.1132,-0.0451,7.1429,5.5838,-1.5591,184
2271402,633,1007,59.0837,138,190,37.6812,21,20,-4.7619,1.7378,1.5889,-0.1489,1.4493,1.5789,0.1297,184
3724091,506,739,46.0474,123,213,73.1707,155,190,22.5806,15.415,15.4263,0.0112,16.2602,13.1455,-3.1146,184
3156448,1224,1383,12.9902,149,196,31.5436,51,58,13.7255,3.268,3.3984,0.1304,7.3826,5.102,-2.2805,183
79451,1243,1741,40.0644,107,197,84.1121,86,94,9.3023,4.2639,2.9868,-1.2771,7.4766,5.0761,-2.4005,182
2383838,796,1272,59.799,111,198,78.3784,59,64,8.4746,5.402,3.9308,-1.4712,10.8108,8.0808,-2.73,181
2975713,706,1047,48.3003,150,208,38.6667,110,143,30.0,11.1898,10.0287,-1.1611,15.3333,12.5,-2.8333,181
2972679,919,1078,17.3014,170,207,21.7647,175,186,6.2857,10.6638,10.8534,0.1897,11.7647,10.628,-1.1367,180
4563628,544,769,41.3603,110,197,79.0909,91,121,32.967,9.7426,7.9324,-1.8103,10.9091,7.1066,-3.8025,180
1023823,716,991,38.4078,174,236,35.6322,253,333,31.6206,23.324,21.1907,-2.1333,21.8391,22.4576,0.6185,179
2796506,576,869,50.8681,121,194,60.3306,38,45,18.4211,5.3819,4.0276,-1.3543,8.2645,7.2165,-1.048,179
244923,484,705,45.6612,131,202,54.1985,140,178,27.1429,20.8678,15.3191,-5.5486,15.2672,9.901,-5.3662,179
3388914,2087,2538,21.61,129,185,43.4109,24,24,0.0,0.8625,0.6698,-0.1927,1.5504,3.2432,1.6929,178
3679920,648,891,37.5,138,194,40.5797,63,73,15.873,6.7901,6.1728,-0.6173,12.3188,6.1856,-6.1333,177
863775,768,788,2.6042,165,187,13.3333,34,34,0.0,3.125,3.0457,-0.0793,6.0606,5.3476,-0.713,177
3883310,966,1012,4.7619,165,193,16.9697,69,59,-14.4928,6.0041,4.4466,-1.5575,10.9091,7.772,-3.1371,176
1795157,1335,1764,32.1348,153,182,18.9542,37,34,-8.1081,2.3221,1.4739,-0.8482,5.2288,2.1978,-3.031,175
477292,907,1001,10.3638,140,195,39.2857,79,101,27.8481,6.1742,7.7922,1.618,11.4286,8.2051,-3.2234,175
182615,624,868,39.1026,99,181,82.8283,24,26,8.3333,3.0449,2.3041,-0.7407,6.0606,2.7624,-3.2982,175
3033798,586,927,58.1911,132,193,46.2121,55,50,-9.0909,5.6314,4.0992,-1.5322,3.0303,8.2902,5.2599,174
327651,734,847,15.3951,156,187,19.8718,54,62,14.8148,5.3134,4.3684,-0.945,8.9744,7.4866,-1.4877,173
472985,617,844,36.7909,123,185,50.4065,83,75,-9.6386,10.2107,6.7536,-3.4571,13.8211,6.4865,-7.3347,173
2615163,500,853,70.6,124,192,54.8387,60,75,25.0,8.6,7.7374,-0.8626,8.871,8.3333,-0.5376,171
4336538,521,787,51.0557,110,185,68.1818,47,65,38.2979,6.7179,5.5909,-1.127,6.3636,7.027,0.6634,171
3787157,575,752,30.7826,158,190,20.2532,64,72,12.5,7.3043,6.7819,-0.5224,12.0253,7.3684,-4.6569,171
2723483,649,897,38.2126,130,182,40.0,49,59,20.4082,6.4715,5.5741,-0.8974,10.0,6.044,-3.956,170
3797203,523,775,48.1836,121,186,53.719,55,71,29.0909,7.2658,6.4516,-0.8142,10.7438,8.0645,-2.6793,170
257909,494,552,11.7409,141,192,36.1702,132,120,-9.0909,18.0162,13.2246,-4.7916,12.766,10.4167,-2.3493,168
2466971,664,949,42.9217,108,198,83.3333,114,188,64.9123,12.5,11.3804,-1.1196,18.5185,14.6465,-3.8721,167
2078551,554,839,51.444,136,186,36.7647,73,96,31.5068,9.3863,7.5089,-1.8773,11.7647,8.6022,-3.1626,167
3736936,1173,1745,48.7639,117,176,50.4274,24,30,25.0,1.4493,1.4327,-0.0166,6.8376,5.6818,-1.1558,166
564681,1007,1349,33.9623,144,202,40.2778,99,122,23.2323,7.4479,7.1164,-0.3315,11.1111,11.3861,0.275,166
4874492,689,1011,46.7344,115,180,56.5217,42,46,9.5238,4.209,3.5608,-0.6482,4.3478,6.1111,1.7633,166
1253595,1850,2434,31.5676,139,174,25.1799,21,26,23.8095,1.027,0.9449,-0.0821,5.036,4.023,-1.013,165
1104384,639,987,54.4601,114,170,49.1228,7,10,42.8571,1.0955,0.9119,-0.1836,2.6316,2.9412,0.3096,165
1798340,565,832,47.2566,131,176,34.3511,44,39,-11.3636,5.8407,3.3654,-2.4753,4.5802,5.6818,1.1017,165
4443922,578,796,37.7163,112,178,58.9286,62,58,-6.4516,8.6505,4.8995,-3.751,8.9286,6.1798,-2.7488,165
1421739,570,760,33.3333,99,171,72.7273,15,16,6.6667,1.7544,1.4474,-0.307,4.0404,3.5088,-0.5316,165
2496932,472,653,38.3475,114,183,60.5263,59,92,55.9322,8.2627,8.1164,-0.1463,12.2807,9.8361,-2.4446,164
4018452,868,1417,63.2488,90,172,91.1111,18,28,55.5556,1.6129,1.3409,-0.272,4.4444,4.0698,-0.3747,163
1639158,445,1041,133.9326,97,175,80.4124,38,73,92.1053,5.8427,3.9385,-1.9042,7.2165,4.5714,-2.6451,163
2553450,615,1013,64.7154,121,176,45.4545,41,58,41.4634,4.7154,3.6525,-1.0629,6.6116,7.3864,0.7748,163
2989452,765,999,30.5882,132,186,40.9091,111,138,24.3243,10.0654,9.6096,-0.4557,9.8485,11.2903,1.4418,163
2371594,445,571,28.3146,138,176,27.5362,81,86,6.1728,13.4831,11.2084,-2.2747,9.4203,6.8182,-2.6021,163
3742652,577,670,16.1179,125,191,52.8,103,139,34.9515,13.6915,14.0299,0.3383,17.6,13.089,-4.511,162
289692,1027,1461,42.259,103,175,69.9029,29,32,10.3448,2.629,1.5743,-1.0548,7.767,5.1429,-2.6241,161
2952458,1154,1219,5.6326,131,169,29.0076,41,45,9.7561,1.9064,2.7071,0.8007,4.5802,4.142,-0.4381,161
2251446,849,1117,31.5665,148,176,18.9189,71,82,15.493,5.1826,4.9239,-0.2587,8.1081,5.6818,-2.4263,161
1817077,565,858,51.8584,111,173,55.8559,45,45,0.0,5.8407,4.1958,-1.6449,10.8108,6.3584,-4.4524,161
2475942,753,858,13.9442,138,168,21.7391,104,72,-30.7692,5.0465,4.1958,-0.8507,7.2464,1.1905,-6.0559,161
3913141,617,746,20.9076,150,181,20.6667,79,89,12.6582,9.2382,9.2493,0.0111,10.0,9.9448,-0.0552,161
941706,1815,1983,9.2562,145,162,11.7241,16,9,-43.75,0.7163,0.2521,-0.4641,0.6897,1.2346,0.5449,160
751105,614,964,57.0033,98,163,66.3265,26,27,3.8462,3.2573,2.0747,-1.1826,6.1224,1.8405,-4.282,160
4464320,641,922,43.8378,119,177,48.7395,73,88,20.5479,8.4243,7.5922,-0.8321,5.042,9.0395,3.9975,159
283109,706,762,7.932,90,170,88.8889,27,37,37.037,2.6912,3.5433,0.8521,8.8889,5.2941,-3.5948,159
2066743,414,633,52.8986,116,176,51.7241,44,53,20.4545,7.0048,5.2133,-1.7916,9.4828,9.6591,0.1763,158
5091223,684,774,13.1579,114,170,49.1228,100,110,10.0,7.6023,6.5891,-1.0132,14.0351,7.0588,-6.9763,157
869764,573,719,25.4799,125,166,32.8,41,41,0.0,5.4101,4.7288,-0.6813,7.2,4.8193,-2.3807,157
181348,698,1504,115.4728,95,164,72.6316,14,15,7.1429,1.5759,0.6649,-0.911,4.2105,3.0488,-1.1617,156
1545822,1019,1443,41.6094,120,158,31.6667,16,21,31.25,0.6869,0.9702,0.2833,1.6667,1.2658,-0.4008,156
3652646,507,845,66.6667,92,157,70.6522,11,11,0.0,1.7751,0.9467,-0.8284,4.3478,0.6369,-3.7109,156
1755681,481,733,52.3909,94,166,76.5957,51,54,5.8824,7.6923,4.7749,-2.9174,5.3191,6.0241,0.7049,156
1198404,511,593,16.047,137,181,32.1168,160,173,8.125,19.5695,17.5379,-2.0315,13.8686,12.1547,-1.7139,156
2672392,635,1108,74.4882,146,169,15.7534,76,84,10.5263,8.189,4.6029,-3.5861,6.1644,8.284,2.1196,155
4222383,820,1052,28.2927,127,173,36.2205,50,62,24.0,4.3902,4.8479,0.4577,9.4488,9.2486,-0.2003,155
858800,1124,1517,34.9644,108,165,52.7778,24,32,33.3333,1.1566,1.5162,0.3596,6.4815,5.4545,-1.0269,154
2994558,713,933,30.8555,132,171,29.5455,39,47,20.5128,4.4881,4.1801,-0.308,9.0909,9.3567,0.2658,153
2161099,391,841,115.0895,68,160,135.2941,21,34,61.9048,2.3018,2.3781,0.0763,8.8235,4.375,-4.4485,153
1462051,450,701,55.7778,71,164,130.9859,59,70,18.6441,9.3333,6.7047,-2.6286,11.2676,6.0976,-5.17,153
5120683,621,843,35.7488,138,169,22.4638,69,86,24.6377,6.7633,5.5753,-1.188,9.4203,5.9172,-3.5031,152
4006644,425,705,65.8824,100,166,66.0,58,56,-3.4483,9.8824,6.2411,-3.6412,12.0,7.2289,-4.7711,152
3053420,847,1117,31.8772,136,165,21.3235,56,44,-21.4286,3.4238,2.5067,-0.9171,3.6765,6.0606,2.3841,151
4121590,791,1026,29.7092,118,175,48.3051,75,93,24.0,6.8268,7.0175,0.1907,14.4068,11.4286,-2.9782,151
1368970,580,864,48.9655,159,188,18.239,184,232,26.087,14.8276,14.8148,-0.0128,15.7233,16.4894,0.7661,151
3680035,738,849,15.0407,120,156,30.0,14,18,28.5714,1.7615,1.8846,0.1231,4.1667,2.5641,-1.6026,151
3461734,385,829,115.3247,75,159,112.0,70,74,5.7143,7.2727,3.8601,-3.4127,5.3333,3.7736,-1.5597,151
2429887,380,667,75.5263,86,168,95.3488,39,71,82.0513,6.5789,5.2474,-1.3316,8.1395,9.5238,1.3843,151
3206451,344,458,33.1395,107,166,55.1402,55,69,25.4545,10.7558,9.1703,-1.5855,10.2804,7.2289,-3.0515,151
2706436,808,1024,26.7327,102,161,57.8431,26,36,38.4615,2.104,2.6367,0.5328,6.8627,6.8323,-0.0304,150
1151115,713,843,18.2328,121,151,24.7934,9,3,-66.6667,1.122,0.2372,-0.8848,2.4793,0.6623,-1.8171,150
2733586,436,672,54.1284,98,162,65.3061,87,143,64.3678,11.0092,12.9464,1.9373,10.2041,6.7901,-3.414,150
2259994,570,742,30.1754,124,170,37.0968,75,87,16.0,8.2456,7.9515,-0.2941,13.7097,12.3529,-1.3567,149
2865017,568,677,19.1901,118,169,43.2203,93,79,-15.0538,10.5634,8.5672,-1.9962,7.6271,10.6509,3.0238,149
1113817,443,622,40.4063,90,157,74.4444,30,50,66.6667,4.5147,5.1447,0.63,5.5556,4.4586,-1.097,149
2862512,693,970,39.9711,127,165,29.9213,118,155,31.3559,11.3997,11.5464,0.1467,11.0236,10.303,-0.7206,148
4167298,633,862,36.1769,134,185,38.0597,145,184,26.8966,10.9005,12.877,1.9766,17.9104,17.8378,-0.0726,148
2747756,949,1235,30.137,106,152,43.3962,8,9,12.5,0.7376,0.7287,-0.0089,1.8868,3.2895,1.4027,147
1952564,572,823,43.8811,107,162,51.4019,36,46,27.7778,5.4196,4.2527,-1.1668,1.8692,8.642,6.7728,147
1730376,534,756,41.573,125,167,33.6,69,88,27.5362,7.3034,6.746,-0.5573,5.6,10.1796,4.5796,147
4664549,649,1056,62.7119,92,153,66.3043,37,52,40.5405,4.1602,3.6932,-0.4671,7.6087,4.5752,-3.0335,146
2453525,863,1893,119.3511,77,154,100.0,19,35,84.2105,1.5064,1.3207,-0.1857,3.8961,6.4935,2.5974,144
693937,713,1091,53.0154,81,150,85.1852,17,18,5.8824,1.9635,1.1916,-0.772,4.9383,2.0,-2.9383,144
322805,706,721,2.1246,159,161,1.2579,108,108,0.0,9.0652,8.0444,-1.0208,11.9497,10.559,-1.3907,144
920038,505,691,36.8317,114,160,40.3509,44,32,-27.2727,6.1386,3.4732,-2.6654,6.1404,8.75,2.6096,144
2834771,581,837,44.062,109,149,36.6972,39,55,41.0256,5.1635,3.7037,-1.4598,6.422,4.0268,-2.3952,143
1483715,637,756,18.6813,101,155,53.4653,55,64,16.3636,5.8085,6.4815,0.673,8.9109,7.0968,-1.8141,143
2103768,557,700,25.6732,117,162,38.4615,80,89,11.25,9.1562,7.8571,-1.2991,12.8205,11.1111,-1.7094,143
4069129,370,603,62.973,105,166,58.0952,78,108,38.4615,13.2432,11.2769,-1.9663,12.381,13.253,0.8721,143
4134433,1305,1900,45.5939,126,157,24.6032,46,60,30.4348,2.9119,2.6316,-0.2803,7.9365,7.0064,-0.9301,142
957385,834,1072,28.5372,111,142,27.9279,9,2,-77.7778,0.8393,0.1866,-0.6528,2.7027,0.0,-2.7027,142
16219,698,954,36.6762,109,162,48.6239,45,55,22.2222,5.3009,4.9266,-0.3742,11.0092,11.7284,0.7192,142
4615159,435,677,55.6322,111,149,34.2342,31,37,19.3548,5.5172,4.579,-0.9382,13.5135,3.3557,-10.1578,142
2690374,425,616,44.9412,85,152,78.8235,48,68,41.6667,7.5294,5.8442,-1.6853,7.0588,5.9211,-1.1378,142
4065839,682,1185,73.7537,84,144,71.4286,15,15,0.0,1.173,0.8439,-0.3291,3.5714,0.6944,-2.877,141
226341,867,1127,29.9885,124,150,20.9677,43,39,-9.3023,3.3449,2.4845,-0.8604,4.8387,6.0,1.1613,141
2562909,586,852,45.3925,112,164,46.4286,98,98,0.0,9.0444,7.1596,-1.8847,11.6071,10.9756,-0.6315,141
3544253,1247,1962,57.3376,101,145,43.5644,8,12,50.0,0.6415,0.5097,-0.1319,2.9703,3.4483,0.478,140
3108882,853,1294,51.6999,83,144,73.494,11,9,-18.1818,1.0551,0.541,-0.5141,4.8193,2.0833,-2.7359,140
4170829,704,1074,52.5568,85,148,74.1176,12,16,33.3333,1.5625,1.2104,-0.3521,3.5294,2.7027,-0.8267,140
5028478,630,710,12.6984,128,160,25.0,102,110,7.8431,10.6349,9.7183,-0.9166,9.375,11.875,2.5,140
794153,366,551,50.5464,69,154,123.1884,59,79,33.8983,9.2896,6.5336,-2.756,17.3913,7.7922,-9.5991,140
2642752,314,473,50.6369,80,151,88.75,52,81,55.7692,10.828,10.3594,-0.4686,5.0,7.2848,2.2848,140
4004564,941,1181,25.5048,94,141,50.0,8,5,-37.5,0.7439,0.3387,-0.4052,3.1915,0.0,-3.1915,139
1125484,671,998,48.7332,77,148,92.2078,15,25,66.6667,1.4903,2.3046,0.8143,6.4935,6.0811,-0.4124,139
898578,539,736,36.5492,106,148,39.6226,33,43,30.303,5.1948,4.0761,-1.1187,6.6038,5.4054,-1.1984,139
350027,618,992,60.5178,92,144,56.5217,17,26,52.9412,1.6181,1.9153,0.2972,5.4348,3.4722,-1.9626,138
2155313,437,616,40.9611,121,147,21.4876,33,38,15.1515,5.7208,5.3571,-0.3637,8.2645,6.1224,-2.142,137
4419230,582,801,37.6289,101,138,36.6337,25,26,4.0,2.921,2.1223,-0.7986,3.9604,1.4493,-2.5111,136
3729292,535,742,38.6916,91,144,58.2418,59,71,20.339,7.6636,6.0647,-1.5989,7.6923,4.8611,-2.8312,135
4736474,504,619,22.8175,73,140,91.7808,37,35,-5.4054,5.9524,4.5234,-1.429,9.589,3.5714,-6.0176,135
4321228,491,593,20.7739,130,147,13.0769,89,88,-1.1236,12.22,7.7572,-4.4628,8.4615,8.1633,-0.2983,135
3141832,615,804,30.7317,97,151,55.6701,90,114,26.6667,9.4309,10.0746,0.6437,14.433,9.9338,-4.4992,134
3362038,589,783,32.9372,123,145,17.8862,27,32,18.5185,3.5654,3.4483,-0.1171,7.3171,7.5862,0.2691,134
1081037,1007,1214,20.5561,116,146,25.8621,50,58,16.0,3.3764,2.883,-0.4933,10.3448,8.2192,-2.1256,133
1980111,586,759,29.5222,110,148,34.5455,32,36,12.5,4.6075,3.8208,-0.7867,8.1818,9.4595,1.2776,133
4835206,299,421,40.8027,92,144,56.5217,83,110,32.5301,19.7324,19.4774,-0.255,8.6957,6.25,-2.4457,133
21059,839,1327,58.1645,84,134,59.5238,9,7,-22.2222,0.5959,0.5275,-0.0684,1.1905,1.4925,0.3021,132
2306045,1055,1242,17.7251,129,141,9.3023,18,17,-5.5556,1.2322,1.2077,-0.0245,3.1008,4.9645,1.8638,132
2862133,601,812,35.1082,83,139,67.4699,11,18,63.6364,1.6639,1.601,-0.0629,4.8193,2.8777,-1.9416,132
2455825,487,636,30.5955,90,144,60.0,49,59,20.4082,6.3655,5.9748,-0.3907,3.3333,6.9444,3.6111,131
1204223,534,797,49.2509,75,134,78.6667,17,15,-11.7647,2.809,1.5056,-1.3033,0.0,2.9851,2.9851,130
165035,436,709,62.6147,91,150,64.8352,82,111,35.3659,11.6972,10.0141,-1.6831,15.3846,10.6667,-4.7179,130
685330,402,642,59.7015,81,147,81.4815,38,63,65.7895,6.2189,7.0093,0.7904,14.8148,8.8435,-5.9713,130
2737340,1055,1065,0.9479,109,134,22.9358,52,61,17.3077,3.7915,4.0376,0.2461,11.9266,3.7313,-8.1953,129
3017203,424,659,55.4245,82,141,71.9512,37,37,0.0,7.0755,4.5524,-2.5231,13.4146,8.5106,-4.904,129
1783423,423,551,30.26,94,149,58.5106,81,108,33.3333,11.5839,12.1597,0.5758,13.8298,12.0805,-1.7493,129
1957261,888,1445,62.7252,96,143,48.9583,34,45,32.3529,3.2658,2.4913,-0.7744,6.25,9.7902,3.5402,128
2997109,495,969,95.7576,69,139,101.4493,27,48,77.7778,3.6364,3.096,-0.5404,10.1449,5.7554,-4.3895,128
4827537,671,958,42.772,90,135,50.0,45,64,42.2222,4.4709,4.9061,0.4351,12.2222,5.1852,-7.037,128
4983640,491,657,33.8086,98,146,48.9796,68,83,22.0588,8.9613,8.6758,-0.2855,10.2041,9.589,-0.615,128
2791234,561,766,36.5419,89,152,70.7865,88,131,48.8636,10.8734,12.2715,1.3981,17.9775,15.7895,-2.1881,127
4503832,622,657,5.627,124,135,8.871,61,42,-31.1475,6.7524,4.7184,-2.034,12.9032,5.9259,-6.9773,127
3000315,396,576,45.4545,83,137,65.0602,27,35,29.6296,5.303,3.9931,-1.31,2.4096,6.5693,4.1597,127
702060,628,858,36.6242,86,136,58.1395,22,27,22.7273,3.0255,2.2145,-0.811,4.6512,6.6176,1.9665,126
1873826,536,709,32.2761,71,133,87.3239,62,27,-56.4516,4.6642,1.6925,-2.9717,7.0423,3.0075,-4.0347,126
5062853,502,663,32.0717,106,131,23.5849,53,66,24.5283,6.1753,6.9382,0.7629,4.717,3.0534,-1.6635,126
4317228,434,579,33.4101,85,143,68.2353,123,153,24.3902,15.4378,14.3351,-1.1027,22.3529,11.8881,-10.4648,126
3547172,681,895,31.4244,110,134,21.8182,73,48,-34.2466,6.3142,3.2402,-3.074,9.0909,6.7164,-2.3745,125
4550135,520,727,39.8077,91,146,60.4396,64,98,53.125,8.8462,9.6286,0.7825,14.2857,13.0137,-1.272,125
916973,429,634,47.7855,98,134,36.7347,52,55,5.7692,7.9254,6.1514,-1.774,10.2041,5.9701,-4.2339,125
1227327,805,1102,36.8944,96,135,40.625,46,61,32.6087,3.4783,4.6279,1.1497,8.3333,7.4074,-0.9259,124
277383,412,780,89.3204,107,139,29.9065,62,92,48.3871,8.9806,8.4615,-0.519,9.3458,10.0719,0.7261,124
3874527,655,776,18.4733,94,135,43.617,37,33,-10.8108,4.2748,3.4794,-0.7954,8.5106,7.4074,-1.1032,124
4365013,361,518,43.4903,80,139,73.75,42,60,42.8571,8.5873,8.4942,-0.093,6.25,8.6331,2.3831,124
1920171,600,751,25.1667,79,144,82.2785,52,66,26.9231,6.6667,5.7257,-0.941,12.6582,12.5,-0.1582,123
2812993,432,610,41.2037,105,141,34.2857,166,216,30.1205,24.3056,20.0,-4.3056,21.9048,12.0567,-9.848,123
363144,922,1067,15.7267,86,124,44.186,10,14,40.0,0.9761,0.9372,-0.0389,3.4884,2.4194,-1.069,121
970338,530,676,27.5472,93,138,48.3871,68,90,32.3529,9.2453,9.4675,0.2222,12.9032,11.5942,-1.309,121
964912,596,901,51.1745,80,128,60.0,35,55,57.1429,4.0268,2.9967,-1.0302,6.25,3.125,-3.125,119
634034,400,579,44.75,73,138,89.0411,61,82,34.4262,9.25,8.6356,-0.6144,16.4384,10.8696,-5.5688,119
3944885,504,1046,107.5397,83,125,50.6024,50,74,48.0,7.9365,4.0153,-3.9212,8.4337,5.6,-2.8337,118
376030,594,847,42.5926,98,134,36.7347,54,72,33.3333,6.5657,6.4935,-0.0722,14.2857,9.7015,-4.5842,118
972597,591,767,29.78,101,133,31.6832,32,37,15.625,3.5533,3.6506,0.0973,10.8911,9.7744,-1.1167,118
210544,450,621,38.0,92,130,41.3043,35,45,28.5714,6.6667,4.1868,-2.4799,9.7826,8.4615,-1.3211,118
2705662,559,609,8.9445,83,121,45.7831,12,15,25.0,1.4311,1.1494,-0.2817,3.6145,2.4793,-1.1351,118
878325,397,607,52.8967,78,130,66.6667,37,35,-5.4054,5.2897,3.9539,-1.3358,6.4103,8.4615,2.0513,118
1276979,386,574,48.7047,70,126,80.0,16,21,31.25,3.6269,2.9617,-0.6653,2.8571,6.3492,3.4921,118
2754205,440,572,30.0,78,132,69.2308,53,55,3.7736,10.2273,6.2937,-3.9336,10.2564,9.0909,-1.1655,118
1725832,1351,1742,28.9415,107,118,10.2804,8,6,-25.0,0.3701,0.3444,-0.0257,2.8037,0.0,-2.8037,117
3030023,672,898,33.631,90,128,42.2222,20,25,25.0,1.4881,1.8931,0.405,8.8889,6.25,-2.6389,117
1292812,506,646,27.668,75,124,65.3333,21,15,-28.5714,3.5573,2.1672,-1.3901,4.0,5.6452,1.6452,117
362151,381,544,42.7822,96,128,33.3333,36,48,33.3333,7.0866,6.6176,-0.469,15.625,7.0313,-8.5938,117
4027003,513,824,60.6238,91,127,39.5604,32,38,18.75,5.0682,3.6408,-1.4274,15.3846,6.2992,-9.0854,116
67918,524,739,41.0305,104,130,25.0,81,107,32.0988,10.4962,8.7957,-1.7005,11.5385,10.7692,-0.7692,116
833866,583,899,54.2024,90,122,35.5556,29,30,3.4483,3.259,2.0022,-1.2568,4.4444,3.2787,-1.1658,115
2828436,429,692,61.3054,93,131,40.8602,40,60,50.0,6.7599,6.5029,-0.257,11.828,10.687,-1.1409,115
1415279,530,664,25.283,96,126,31.25,73,57,-21.9178,10.3774,6.4759,-3.9015,17.7083,7.9365,-9.7718,115
3289997,314,437,39.172,69,124,79.7101,41,64,56.0976,8.5987,9.3822,0.7834,10.1449,7.2581,-2.8869,115
4236628,790,1268,60.5063,69,120,73.913,22,24,9.0909,2.2785,1.183,-1.0955,7.2464,5.0,-2.2464,114
1030331,397,519,30.7305,82,127,54.878,55,72,30.9091,9.5718,9.6339,0.0621,10.9756,10.2362,-0.7394,114
1697889,651,864,32.7189,92,116,26.087,20,24,20.0,2.6114,2.3148,-0.2966,3.2609,2.5862,-0.6747,113
2409937,718,833,16.0167,88,120,36.3636,49,46,-6.1224,4.4568,3.6014,-0.8554,7.9545,4.1667,-3.7879,113
3916967,347,446,28.5303,81,132,62.963,99,104,5.0505,22.1902,13.4529,-8.7373,22.2222,12.1212,-10.101,113
1480207,418,578,38.2775,82,119,45.122,52,62,19.2308,7.177,7.6125,0.4354,6.0976,5.8824,-0.2152,112
316352,409,563,37.6528,101,130,28.7129,91,99,8.7912,15.8924,12.2558,-3.6366,12.8713,13.0769,0.2056,112
2852310,380,561,47.6316,68,129,89.7059,38,52,36.8421,6.3158,7.1301,0.8143,11.7647,11.6279,-0.1368,112
2713041,302,402,33.1126,78,119,52.5641,53,51,-3.7736,12.2517,8.209,-4.0427,7.6923,5.042,-2.6503,112
5127795,431,735,70.5336,85,116,36.4706,19,21,10.5263,3.4803,1.4966,-1.9837,2.3529,3.4483,1.0953,111
3870839,742,808,8.8949,119,127,6.7227,100,75,-25.0,6.1995,5.9406,-0.2589,7.563,12.5984,5.0354,110
4939021,523,735,40.5354,91,110,20.8791,6,4,-33.3333,0.5736,0.4082,-0.1655,0.0,0.0,0.0,110
1423654,393,584,48.6005,100,116,16.0,28,41,46.4286,6.1069,4.6233,-1.4836,3.0,5.1724,2.1724,110
922588,468,650,38.8889,74,114,54.0541,42,50,19.0476,5.3419,4.4615,-0.8803,6.7568,3.5088,-3.248,109
545775,455,633,39.1209,81,118,45.679,22,28,27.2727,3.956,3.6335,-0.3226,11.1111,7.6271,-3.484,109
4889820,461,610,32.321,97,119,22.6804,26,34,30.7692,4.5553,3.9344,-0.6209,6.1856,6.7227,0.5371,109
409729,599,646,7.8464,80,115,43.75,31,31,0.0,3.6728,3.5604,-0.1124,3.75,6.087,2.337,108
22257,320,541,69.0625,87,127,45.977,55,78,41.8182,13.4375,9.7967,-3.6408,24.1379,13.3858,-10.7521,108
1901483,352,505,43.4659,106,121,14.1509,54,48,-11.1111,9.0909,6.5347,-2.5563,9.434,9.0909,-0.3431,108
4098379,633,927,46.4455,73,111,52.0548,34,42,23.5294,4.2654,3.2362,-1.0292,8.2192,3.6036,-4.6156,107
65720,657,889,35.312,90,130,44.4444,70,92,31.4286,7.9148,7.874,-0.0407,17.7778,15.3846,-2.3932,107
4220691,674,790,17.2107,102,127,24.5098,114,133,16.6667,10.3858,10.2532,-0.1326,15.6863,14.1732,-1.513,107
2609569,552,757,37.1377,77,119,54.5455,40,46,15.0,4.7101,4.2272,-0.4829,10.3896,8.4034,-1.9862,107
755175,408,607,48.7745,74,111,50.0,27,24,-11.1111,5.1471,2.9654,-2.1817,8.1081,2.7027,-5.4054,107
3410573,481,803,66.9439,73,120,64.3836,42,69,64.2857,6.6528,6.1021,-0.5507,12.3288,10.0,-2.3288,106
3825280,638,797,24.9216,92,114,23.913,34,25,-26.4706,3.7618,2.7604,-1.0014,8.6957,6.1404,-2.5553,106
2148681,761,778,2.2339,83,111,33.7349,12,14,16.6667,1.5769,1.1568,-0.4201,4.8193,4.5045,-0.3148,105
3206951,301,368,22.2591,80,109,36.25,24,23,-4.1667,6.6445,4.0761,-2.5684,10.0,2.7523,-7.2477,105
153285,1327,1755,32.2532,90,106,17.7778,7,6,-14.2857,0.3014,0.2849,-0.0165,3.3333,1.8868,-1.4465,104
2652700,828,1079,30.314,103,106,2.9126,4,4,0.0,0.3623,0.0927,-0.2696,1.9417,0.9434,-0.9984,104
4613485,432,598,38.4259,75,109,45.3333,26,16,-38.4615,4.8611,2.0067,-2.8544,6.6667,2.7523,-3.9144,104
1448912,290,399,37.5862,80,112,40.0,29,27,-6.8966,7.5862,5.7644,-1.8218,10.0,7.1429,-2.8571,104
963661,671,743,10.7303,69,108,56.5217,10,7,-30.0,0.8942,0.6729,-0.2212,4.3478,3.7037,-0.6441,103
2164274,469,726,54.7974,73,108,47.9452,42,51,21.4286,5.7569,3.5813,-2.1757,8.2192,2.7778,-5.4414,103
106173,432,629,45.6019,79,116,46.8354,69,67,-2.8986,11.3426,8.5851,-2.7575,16.4557,10.3448,-6.1109,103
2740569,464,622,34.0517,85,111,30.5882,60,72,20.0,8.1897,7.2347,-0.9549,10.5882,7.2072,-3.381,103
3817036,414,639,54.3478,89,114,28.0899,27,40,48.1481,4.5894,4.3818,-0.2075,6.7416,8.7719,2.0304,101
1406426,401,587,46.384,79,116,46.8354,34,36,5.8824,6.7332,5.4514,-1.2817,8.8608,10.3448,1.4841,100
880704,397,565,42.3174,72,111,54.1667,37,56,51.3514,5.7935,8.6726,2.8791,12.5,8.1081,-4.3919,100
541347,328,499,52.1341,68,111,63.2353,33,41,24.2424,7.622,5.8116,-1.8103,7.3529,9.9099,2.557,100
4113220,291,342,17.5258,69,107,55.0725,43,34,-20.9302,10.9966,7.8947,-3.1018,14.4928,5.6075,-8.8853,100
1368409,513,713,38.9864,81,102,25.9259,9,11,22.2222,1.5595,1.122,-0.4374,1.2346,1.9608,0.7262,99
5012555,427,576,34.8946,87,114,31.0345,47,49,4.2553,7.0258,6.7708,-0.2549,5.7471,9.6491,3.902,99
4144410,401,460,14.7132,79,107,35.443,23,29,26.087,3.2419,3.2609,0.019,7.5949,7.4766,-0.1183,99
2885889,289,417,44.2907,81,103,27.1605,33,45,36.3636,7.9585,8.3933,0.4348,6.1728,3.8835,-2.2893,99
3789342,504,588,16.6667,85,114,34.1176,63,56,-11.1111,7.3413,7.483,0.1417,12.9412,11.4035,-1.5377,98
1984197,402,525,30.597,75,104,38.6667,22,27,22.7273,3.9801,4.381,0.4009,12.0,5.7692,-6.2308,98
3505338,334,486,45.509,75,107,42.6667,21,30,42.8571,4.7904,3.9095,-0.881,6.6667,8.4112,1.7445,98
3731995,706,957,35.5524,91,111,21.978,27,35,29.6296,2.9745,2.9258,-0.0487,6.5934,10.8108,4.2174,97
3754679,405,501,23.7037,79,106,34.1772,29,35,20.6897,4.4444,5.1896,0.7452,8.8608,7.5472,-1.3136,97
547478,778,1000,28.5347,81,98,20.9877,26,30,15.3846,2.5707,1.9,-0.6707,6.1728,2.0408,-4.132,96
3653910,474,643,35.654,79,114,44.3038,75,88,17.3333,9.4937,8.7092,-0.7845,10.1266,12.2807,2.1541,96
1977169,546,594,8.7912,76,103,35.5263,26,35,34.6154,3.8462,4.3771,0.531,11.8421,5.8252,-6.0169,96
3538807,327,445,36.0856,70,101,44.2857,40,36,-10.0,10.0917,5.1685,-4.9232,7.1429,5.9406,-1.2023,95
5029530,326,366,12.2699,80,102,27.5,76,68,-10.5263,14.1104,13.6612,-0.4492,11.25,6.8627,-4.3873,95
1461887,275,310,12.7273,68,104,52.9412,71,88,23.9437,16.7273,16.4516,-0.2757,11.7647,8.6538,-3.1109,95
2160208,435,630,44.8276,72,102,41.6667,46,54,17.3913,6.6667,5.3968,-1.2698,4.1667,4.902,0.7353,94
5101577,512,774,51.1719,75,104,38.6667,35,49,40.0,5.8594,4.522,-1.3374,8.0,7.6923,-0.3077,93
3099296,529,695,31.38,74,98,32.4324,15,18,20.0,2.2684,1.7266,-0.5418,4.0541,5.102,1.048,93
514392,404,585,44.802,80,101,26.25,35,39,11.4286,6.6832,5.4701,-1.2131,6.25,5.9406,-0.3094,93
2108531,326,441,35.2761,74,112,51.3514,48,52,8.3333,11.3497,6.8027,-4.547,21.6216,15.1786,-6.4431,93
3169295,527,646,22.5806,78,96,23.0769,11,13,18.1818,1.8975,1.7028,-0.1947,3.8462,4.1667,0.3205,92
3667321,419,548,30.7876,105,138,31.4286,106,113,6.6038,17.1838,14.9635,-2.2203,20.0,28.2609,8.2609,92
144028,459,500,8.9325,76,102,34.2105,61,46,-24.5902,7.4074,5.2,-2.2074,13.1579,9.8039,-3.354,92
3610536,597,775,29.8157,75,95,26.6667,15,18,20.0,2.3451,1.8065,-0.5386,10.6667,3.1579,-7.5088,91
2066340,744,1214,63.172,74,90,21.6216,8,3,-62.5,0.5376,0.0824,-0.4553,1.3514,0.0,-1.3514,90
600175,549,713,29.8725,69,97,40.5797,20,26,30.0,3.0965,2.5245,-0.572,7.2464,6.1856,-1.0608,90
2367907,674,874,29.6736,68,96,41.1765,31,41,32.2581,2.819,3.4325,0.6135,8.8235,6.25,-2.5735,89
2328010,360,608,68.8889,92,101,9.7826,30,45,50.0,6.6667,4.9342,-1.7325,10.8696,9.901,-0.9686,89
589018,416,479,15.1442,69,102,47.8261,28,25,-10.7143,4.5673,3.3403,-1.227,10.1449,10.7843,0.6394,89
2798696,514,737,43.3852,71,91,28.169,8,8,0.0,0.7782,0.6784,-0.0998,1.4085,3.2967,1.8883,88
1173843,312,586,87.8205,69,91,31.8841,49,42,-14.2857,9.6154,3.9249,-5.6905,8.6957,3.2967,-5.3989,88
1082838,403,576,42.928,74,93,25.6757,15,18,20.0,3.2258,2.9514,-0.2744,4.0541,5.3763,1.3223,88
831271,495,642,29.697,70,96,37.1429,36,37,2.7778,4.8485,3.8941,-0.9544,8.5714,6.25,-2.3214,87
1981996,480,608,26.6667,75,96,28.0,56,55,-1.7857,8.3333,6.25,-2.0833,14.6667,9.375,-5.2917,87
2310649,298,633,112.4161,72,97,34.7222,55,67,21.8182,14.094,7.5829,-6.511,19.4444,8.2474,-11.197,86
1768869,334,355,6.2874,78,88,12.8205,10,11,10.0,2.0958,1.9718,-0.124,2.5641,3.4091,0.845,85
3068858,330,547,65.7576,72,98,36.1111,57,63,10.5263,12.7273,8.0439,-4.6834,13.8889,13.2653,-0.6236,83
577329,394,530,34.5178,83,94,13.253,46,61,32.6087,7.868,8.6792,0.8112,12.0482,10.6383,-1.4099,83
4208912,378,532,40.7407,74,86,16.2162,16,22,37.5,3.4392,2.8195,-0.6196,6.7568,2.3256,-4.4312,82
22892,520,649,24.8077,69,83,20.2899,19,16,-15.7895,2.8846,1.849,-1.0356,13.0435,2.4096,-10.6338,80
1993741,456,472,3.5088,87,93,6.8966,92,96,4.3478,9.6491,9.1102,-0.539,10.3448,13.9785,3.6337,79
2360985,339,439,29.4985,69,89,28.9855,32,38,18.75,7.0796,6.1503,-0.9293,11.5942,8.9888,-2.6054,79
247810,320,383,19.6875,81,91,12.3457,60,71,18.3333,13.75,10.705,-3.045,12.3457,13.1868,0.8411,78
4615962,336,453,34.8214,80,88,10.0,25,31,24.0,5.0595,4.6358,-0.4238,5.0,12.5,7.5,77
1343413,454,500,10.1322,74,85,14.8649,50,55,10.0,6.3877,6.4,0.0123,9.4595,9.4118,-0.0477,75
4397248,491,1070,117.9226,68,77,13.2353,45,50,11.1111,4.0733,2.3364,-1.7369,8.8235,7.7922,-1.0313,71
63813,398,400,0.5025,71,75,5.6338,51,51,0.0,10.0503,8.25,-1.8003,12.6761,10.6667,-2.0094,67
